id,domain,status,purchase_price,renewal_price,attractiveness,demand,length,registrar,created_at,expires_at,status_verified_at
f0c9e759-2895-489f-84af-3bd29760cf9b,aviation.voyage,available,58.99,58.99,high,low,8,namesilo,,,17/09/2026 22:43
8680fa82-e259-4905-879a-818c0cf81791,aviation.airforce,available,103.99,103.99,high,low,8,namesilo,,,17/09/2026 22:43
1f1e96c1-1a7d-47e5-9f3b-97b014e0c9b2,aviation.link,premium,1995,1995,high,low,8,namesilo,,,17/09/2026 22:43
66007ba9-ae07-4ca0-b396-ce7989122c43,aviation.quest,resell,,,high,low,8,Dynadot Inc,24/01/2026 00:44,24/01/2027 23:59,26/09/2026 04:10
7ac78278-c0d3-4821-a391-afe8b7782cdb,aviation.cars,available,1999.99,2199,high,low,8,namesilo,,,17/09/2026 22:43
59f8e29b-41c8-48eb-a563-408c38e379fa,flight.flights,premium,242,242,high,low,6,namesilo,,,24/09/2026 20:44
83f66047-f3df-4c41-8389-e8b41c6b8c4b,aircraft.airforce,premium,118.8,118.8,high,low,8,namesilo,,,17/09/2026 23:03
1b17994d-6966-45f5-b758-2fff268cc498,aviation.moda,available,41.99,41.99,high,low,8,namesilo,,,17/09/2026 22:43
b944b665-2f16-4d23-aef5-f3e8a84da79e,aviation.graphics,available,22.98,31.98,high,low,8,namecheap,,,17/09/2026 22:43
3b2223d0-c274-479e-8ddc-a4baefe22bc5,aviation.website,premium,325,650,high,low,8,namecheap,,,17/09/2026 22:43
c67d7b7d-1828-496a-af66-b1fc03f4dda6,aviation.holdings,available,67.98,81.98,high,low,8,namecheap,,,17/09/2026 22:43
c3a14004-d555-417f-84c1-a10bc6b8072f,aviation.build,available,32.98,39.98,high,low,8,namecheap,,,17/09/2026 22:43
5ca52cf9-8c08-4e6a-846a-692b827f0b71,aviation.pub,available,39.99,39.99,high,low,8,namesilo,,,17/09/2026 22:43
6dd9bf8c-3190-4fa3-b07f-af8f0a11a86d,aviation.investments,available,12.99,129.99,high,low,8,namesilo,,,17/09/2026 22:43
22ec3cab-6cb5-48b0-89f9-48b6d431b6ff,aviation.hosting,available,309.99,429.99,high,low,8,namesilo,,,17/09/2026 22:43
f6a13529-d07e-4442-84a7-756ccddbcaf8,aviation.today,resell,,,high,low,8,"DNSPod, Inc.",31/05/2023 15:15,31/05/2027 15:15,26/09/2026 04:10
b0c4f073-659b-4740-a86f-bf3b5e9d9c64,aviation.red,available,11.49,23.49,high,low,8,namesilo,,,17/09/2026 22:43
8acd83ec-ede2-4757-98cc-b8e9219d4828,aviation.soy,premium,107.9,107.9,high,low,8,namecheap,,,17/09/2026 22:43
a0c37628-7d8a-4b99-957e-bb545fc9baab,airplane.flights,premium,118.8,118.8,high,low,8,namesilo,,,27/09/2026 04:01
6af9e2a8-ba5b-4939-b43b-8308684b735d,aviation.ag,available,89.99,79.99,high,low,8,namesilo,,,17/09/2026 22:43
159755ab-8f0f-45f3-8e08-c7ee9b05c81b,aviation.mobi,available,7.49,55.99,high,low,8,namesilo,,,17/09/2026 22:43
78c97997-e0a2-42fc-9062-44ecf210a707,aviation.gives,available,14.99,23.99,high,low,8,namesilo,,,17/09/2026 22:43
222d0606-5c89-4682-9f3b-0903c7b1037e,aviation.fm,available,69.98,118.98,high,low,8,namecheap,,,17/09/2026 22:43
86e1087b-bdcc-4569-a0be-6ab0c0c2ed29,aviation.actor,available,16.99,44.49,high,low,8,namesilo,,,17/09/2026 22:43
a7072d08-33d1-4773-a04e-52b777bc0b84,aviation.careers,premium,242,242,high,low,8,namesilo,,,17/09/2026 22:43
d738c071-d860-4544-af26-08dda3ee8833,aviation.gift,available,14.99,14.99,high,low,8,namesilo,,,17/09/2026 22:43
2079004a-0790-4ce1-959f-38762ba26cf1,aviation.lawyer,premium,854,854,high,low,8,namesilo,,,17/09/2026 22:43
80dc19e5-2253-4890-ad31-a047c73375d8,aviation.tennis,available,67.98,81.98,high,low,8,namecheap,,,17/09/2026 22:43
b8a0ad60-74fa-4934-abfa-87c55d0195c4,aviation.vana,available,2298,2498,high,low,8,namecheap,,,17/09/2026 22:43
114014b0-ce40-4102-a397-40c50a115c1e,aviation.cooking,available,33.98,43.98,high,low,8,namecheap,,,17/09/2026 22:43
24b28c9c-739f-4fbb-b303-b82fb8b78eed,aviation.engineer,premium,78,78,high,low,8,namecheap,,,17/09/2026 22:43
1b09c3b8-1636-40eb-bfbe-90ffbacaa718,aviation.ski,available,27.99,64.99,high,low,8,namesilo,,,17/09/2026 22:43
07a4bd4f-f190-4897-bb35-7f721e3bc2a2,aviation.date,premium,384,53.92,high,low,8,namesilo,,,17/09/2026 22:43
a5ef190c-9e99-4688-83f1-49e5b5b887b2,aviation.eco,premium,9750,74.75,high,low,8,namecheap,,,17/09/2026 22:43
9077ae57-3b41-42ac-b8fc-902ecf763c64,aviation.film,available,65.99,65.99,high,low,8,namesilo,,,17/09/2026 22:43
e6e5997d-1052-4fb2-bfad-0c82948ec204,aviation.computer,available,23.99,38.99,high,low,8,namesilo,,,17/09/2026 22:43
f08597c3-5fe2-406c-8e99-5381af9147bd,aviation.win,premium,448,53.92,high,low,8,namesilo,,,17/09/2026 22:43
1b0c78a1-3629-4f5e-b13e-38458217fd84,aviation.media,resell,,,high,low,8,"DNSPod, Inc.",05/01/2020 11:07,05/01/2028 11:07,26/09/2026 04:10
4124841d-e014-49b2-8c32-793397255759,aviation.reviews,available,62.99,62.99,high,low,8,namesilo,,,17/09/2026 22:43
75c805cf-dc2b-4112-85bc-456b7e2886ce,aviation.builders,available,35.99,35.99,high,low,8,namesilo,,,17/09/2026 22:43
b26c954a-0cc1-4f86-9b4c-dc54546dedf6,aviation.shoes,available,64.99,64.99,high,low,8,namesilo,,,17/09/2026 22:43
c1f34526-a96a-4cf1-b7da-3ad7921cbc50,aviation.democrat,available,7.25,32.99,high,low,8,namesilo,,,17/09/2026 22:43
8068388c-0cba-480e-a989-282d04bc63e0,aviation.phd,premium,115.7,115.7,high,low,8,namecheap,,,17/09/2026 22:43
7279f53c-ed20-432b-86ce-ed0c9224e905,aviation.tickets,available,359.99,488.88,high,low,8,namesilo,,,17/09/2026 22:43
b99abbd7-3c72-488b-b9c0-5a7ead4cbd37,aviation.dad,premium,76.7,76.7,high,low,8,namecheap,,,17/09/2026 22:43
88cbae63-c652-4088-9292-6be7507f8ed4,aviation.pet,available,14.49,27.59,high,low,8,namesilo,,,17/09/2026 22:43
57b16d0e-3994-4d5b-96c8-4ef31c940aea,aviation.cyou,premium,68.43,147.2,high,low,8,namesilo,,,17/09/2026 22:43
4241b2a3-5586-479d-8ed7-1ef8df35a652,aviation.juegos,available,368.98,478.98,high,low,8,namecheap,,,17/09/2026 22:43
fb9ee28b-a639-4ab5-93a7-8a1ed11e1b9f,aviation.me,premium,4477.59,20.89,high,low,8,namecheap,,,17/09/2026 22:43
77009c38-aa45-4159-b6b2-0f38d9881177,aviation.mom,available,1.99,27.99,high,low,8,namesilo,,,17/09/2026 22:43
a792fd06-33fa-4d79-a0ba-fb9978653e63,aviation.promo,available,14.49,24.99,high,low,8,namesilo,,,17/09/2026 22:43
9e52a1a0-1c6e-443f-a7e4-0b1880aa289d,aviation.cash,available,12.99,38.99,high,low,8,namesilo,,,17/09/2026 22:43
345a8afa-f545-4630-bd72-59ce6e413efd,aviation.diet,available,104.99,114.99,high,low,8,namesilo,,,17/09/2026 22:43
17a60ec0-a4a8-4f9c-be98-607a50a6a533,aviation.family,premium,242,242,high,low,8,namesilo,,,17/09/2026 22:43
b859cece-1056-436e-b4d3-bde7d1c309a6,aviation.icu,premium,68.43,147.2,high,low,8,namesilo,,,17/09/2026 22:43
5432b1a4-38af-437c-94a7-8cc510679b85,aviation.healthcare,available,93.98,111.98,high,low,8,namecheap,,,17/09/2026 22:43
544103a1-2ce3-4066-a8bc-b4db5ee2bcb7,aviation.cards,available,38.99,38.99,high,low,8,namesilo,,,17/09/2026 22:43
40c1f196-fc44-486e-a01a-b37df1e7e891,aviation.fund,available,11.98,92.98,high,low,8,namecheap,,,17/09/2026 22:43
7c851232-7855-4d0d-9661-c720d72e9245,aviation.markets,premium,85.8,85.8,high,low,8,namecheap,,,17/09/2026 22:43
4f7fbb12-626e-447c-a44b-2d3ef51a2263,aviation.deal,premium,116,116,high,low,8,namesilo,,,17/09/2026 22:43
b2d71c16-fee0-4b97-a810-0d12bf1eb402,aviation.baby,available,17.99,54.99,high,low,8,namesilo,,,17/09/2026 22:43
ffac0f21-16fe-4f8f-bed6-2b12431bd89e,aviation.kim,available,12.99,23.49,high,low,8,namesilo,,,17/09/2026 22:43
4de5f0bd-94ce-440b-aa60-27fbe8d75174,aviation.golf,available,7.49,64.99,high,low,8,namesilo,,,17/09/2026 22:43
bdf775cb-8ee8-4e9f-82cd-27f5c45b1203,aviation.marketing,resell,,,high,low,8,Dynadot Inc,03/07/2020 22:51,03/07/2027 22:51,26/09/2026 04:10
3d5016d7-ded4-4c63-80d0-87c4b74e886c,aviation.you,premium,53.92,53.92,high,low,8,namesilo,,,17/09/2026 22:43
6dc6d692-10cb-4f70-b955-5d60676a629c,aviation.software,resell,,,high,low,8,"Spaceship, Inc.",13/07/2026 17:00,13/07/2027 17:00,26/09/2026 04:10
28725e2c-648e-4d13-a3a8-08a744c6733b,aviation.equipment,resell,,,high,low,8,"NameSilo, LLC",09/09/2018 09:35,09/09/2027 09:35,26/09/2026 04:10
4fd97c93-f2c2-4bb7-a8d9-5882771b51fd,aviation.schule,available,28.99,28.99,high,low,8,namesilo,,,17/09/2026 22:43
520ddd89-ed0f-44c3-aa3e-c28c2cce7cc5,aviation.energy,available,15.99,114.99,high,low,8,namesilo,,,17/09/2026 22:43
cb19a97a-06bd-4da6-831b-f9c5e443ec50,aviation.dance,available,16.99,27.49,high,low,8,namesilo,,,17/09/2026 22:43
c44a1288-1eed-4242-80e9-c419683ea3e5,aviation.mov,premium,167.7,167.7,high,low,8,namecheap,,,17/09/2026 22:43
b0729148-a63b-4709-a456-37499085f699,aviation.sydney,available,58,58,high,low,8,namesilo,,,17/09/2026 22:43
3cdfef3e-7d28-4df1-abe2-dc306ae8c946,aviation.car,available,1999.99,2199,high,low,8,namesilo,,,17/09/2026 22:43
d06be591-62aa-4cd8-83e0-6593cb0271b3,aviation.flowers,available,64.99,114.99,high,low,8,namesilo,,,17/09/2026 22:43
7bd9244b-f2e4-45e2-aa27-a7163ea92279,aviation.cleaning,available,75.49,75.49,high,low,8,namesilo,,,17/09/2026 22:43
2af2521c-c660-4976-8bb9-cde7e4d10731,aviation.events,premium,38.94,38.94,high,low,8,namesilo,,,17/09/2026 22:43
bb9c4ee4-5dd8-4582-9642-777cf910c31e,aviation.living,available,5.49,39.99,high,low,8,namesilo,,,17/09/2026 22:43
59e26c33-24d7-4cf8-a0b7-98b68f50db57,flight.airforce,premium,78.54,78.54,high,low,6,namesilo,,,24/09/2026 20:44
d91eea2b-477f-47ce-bbae-6690119d64c8,aviation.condos,available,58.99,58.99,high,low,8,namesilo,,,17/09/2026 22:43
2b376a6f-7f92-44e9-916d-7cefe78ae9a6,aviation.boston,premium,47.2,21.24,high,low,8,namesilo,,,17/09/2026 22:43
960c1493-5fd1-428a-a754-e415f36a72e4,aviation.vision,premium,78.54,78.54,high,low,8,namesilo,,,17/09/2026 22:43
49db1b6f-95f5-4e60-80fc-805959d991fc,aviation.singles,available,9.49,33.99,high,low,8,namesilo,,,17/09/2026 22:43
0633b63c-dc72-4dfd-a785-7dc8648804a5,aviation.viajes,available,43.98,57.98,high,low,8,namecheap,,,17/09/2026 22:43
bdde3ffa-c8dd-4727-a0e8-5a37b0c111c4,aviation.sarl,available,6.99,6.99,high,low,8,namesilo,,,17/09/2026 22:43
00a117a7-c58e-42ec-b1d6-2f13afea20a2,aviation.town,available,8.99,36.49,high,low,8,namesilo,,,17/09/2026 22:43
53e1554c-ac60-4e52-8813-1ae1781e7ad2,aviation.storage,available,509.99,529.99,high,low,8,namesilo,,,17/09/2026 22:43
558e2e66-5c94-4358-b9dd-a2f988a29a23,aviation.contact,resell,,,high,low,8,INWX GmbH,16/12/2020 18:44,16/12/2026 18:44,26/09/2026 04:10
d0599fad-c93d-4d90-a770-e28269799735,aviation.guitars,available,104.99,114.99,high,low,8,namesilo,,,17/09/2026 22:43
bbed64a7-784b-47dc-8106-f419fda8efaa,aviation.miami,premium,5520,21.24,high,low,8,namesilo,,,17/09/2026 22:43
832778a5-cf8f-444c-84f8-f9b1c3eeb54c,aviation.yoga,available,32.49,32.49,high,low,8,namesilo,,,17/09/2026 22:43
fee4fedd-08f4-4781-a23a-19a5c71f7c73,aircraft.tech,premium,781.25,3125,high,low,8,name.com,,,17/09/2026 23:03
bdc1c0e6-d83b-45b0-a6bb-5a883c05b7da,aircraft.tours,available,10.99,61.99,high,low,8,namesilo,,,17/09/2026 23:03
3469982f-d909-408f-9107-a186fad46387,aviation.theater,available,65.99,65.99,high,low,8,namesilo,,,17/09/2026 22:43
dfd6fe6e-eab8-476f-ad5d-eb7233b1afef,aviation.jetzt,available,23.99,23.99,high,low,8,namesilo,,,17/09/2026 22:43
b728ea64-c46e-45ca-8ce8-e60b94cac637,aircraft.black,available,27.99,64.99,high,low,8,namesilo,,,17/09/2026 23:03
03e6ef3e-3fc5-4d3f-b84b-a26576728e67,aviation.gripe,available,6.99,6.99,high,low,8,namesilo,,,17/09/2026 22:43
5e4057f4-71f0-4158-861c-7494f8e85396,aviation.kiwi,available,31.98,35.68,high,low,8,namecheap,,,17/09/2026 22:43
f988800a-6cd2-45c1-9476-dd1017ccca52,aviation.auto,available,2070,2950,high,low,8,namecheap,,,17/09/2026 22:43
2f00d9c6-7799-4f05-8d7e-5b70663ca02b,aviation.organic,available,17.99,85.99,high,low,8,namesilo,,,17/09/2026 22:43
315ca6aa-9ece-427a-ab16-10f6041f8ede,aviation.boo,premium,76.7,76.7,high,low,8,namecheap,,,17/09/2026 22:43
3b3f07ee-f938-4d07-87ea-310362bd96b9,aviation.industries,premium,78.54,78.54,high,low,8,namesilo,,,17/09/2026 22:43
edf3ddd0-b3e7-4aaf-9046-91c5b09bf57c,aviation.cx,available,18.99,18.99,high,low,8,namesilo,,,17/09/2026 22:43
3e97d1ee-8efc-4866-aa58-38dc85b492ce,aviation.band,available,20.99,31.49,high,low,8,namesilo,,,17/09/2026 22:43
0d817e9e-83ec-482c-a77e-fd3d382a8360,aviation.cc,resell,,,high,low,8,Dynadot Inc,16/02/1998 08:00,16/02/2027 08:00,26/09/2026 04:10
6052e7d7-ba6a-4a1d-9f46-0fb63eacf451,aviation.hiv,available,195.99,195.99,high,low,8,namesilo,,,17/09/2026 22:43
f674704c-4208-4497-83fa-2d34a493a9e8,aviation.voting,available,1398,1448,high,low,8,namecheap,,,17/09/2026 22:43
6c99d81b-072a-4c04-8482-20956f2a7046,aviation.foo,premium,167.7,167.7,high,low,8,namecheap,,,17/09/2026 22:43
087fbabf-bc0b-41e9-a5c8-9eed98aac6ce,aviation.store,premium,325,1300,high,low,8,namecheap,,,17/09/2026 22:43
da65f380-4db4-4571-b5f0-2a908b4eb218,aviation.boutique,available,5.99,32.99,high,low,8,namesilo,,,17/09/2026 22:43
814726a5-2399-40ff-9c4c-e98406050b0c,aviation.rsvp,premium,76.7,76.7,high,low,8,namecheap,,,17/09/2026 22:43
e51ed24c-4d5b-42c0-ba58-b1092de748cb,aircraft.holiday,available,64.99,64.99,high,low,8,namesilo,,,17/09/2026 23:03
28ba575d-798a-47ad-8df9-a98e029e81f0,aviation.horse,available,32.49,32.49,high,low,8,namesilo,,,17/09/2026 22:43
90710b21-5e17-4905-982c-c5afd4b54fec,aviation.surf,available,2.19,32.49,high,low,8,namesilo,,,17/09/2026 22:43
cdfc5531-e336-482b-a80f-84e8b09c31ba,aircraft.viajes,available,37.99,37.99,high,low,8,namesilo,,,17/09/2026 23:03
e9d700bc-b913-4553-a2df-ff2464684814,aviation.care,premium,64.35,128.7,high,low,8,namecheap,,,17/09/2026 22:43
a4c0c322-2ca5-48b6-bfd2-1f757374331f,aviation.team,resell,,,high,low,8,Squarespace Domains II LLC,10/03/2025 15:15,10/03/2027 15:15,26/09/2026 04:10
ceb7f72e-359c-4202-ab71-9fae2a92684d,aircraft.space,premium,1107,1107,high,low,8,namesilo,,,17/09/2026 23:03
54103a96-8d90-4676-af1d-30139e77842b,aircraft.so,available,68.98,,high,low,8,namecheap,,,
766306cd-785b-4fb7-9ada-a01b050fec42,aviation.hospital,available,57.99,57.99,high,low,8,namesilo,,,17/09/2026 22:43
e0ff563e-56ca-4ade-a595-f3606805a1fa,aviation.locker,premium,159.23,8.8,high,low,8,namesilo,,,17/09/2026 22:43
4ec9730e-3da3-434c-b75c-f73378b820e2,aviation.restaurant,available,20.99,64.99,high,low,8,namesilo,,,17/09/2026 22:43
125fc597-1037-41ea-a22c-87d0650058e4,aviation.law,premium,6292.8,6292.8,high,low,8,namesilo,,,17/09/2026 22:43
df0cff57-e1ac-461d-be5c-ea513c444045,aviation.vin,available,8.99,59.99,high,low,8,namesilo,,,17/09/2026 22:43
2211e6c2-f50e-4f08-ad35-d432ea2c77d1,aviation.gifts,available,36.99,36.99,high,low,8,namesilo,,,17/09/2026 22:43
5445522c-c48b-4ab3-b5f7-5a9359c66e3e,aviation.christmas,available,34.99,34.99,high,low,8,namesilo,,,17/09/2026 22:43
afa54341-0a9e-4388-a64e-da4a3843c774,aviation.guru,resell,,,high,low,8,Dynadot Inc,16/07/2026 17:00,16/07/2027 17:00,26/09/2026 04:10
d8cc6c3e-51ac-48a1-8bc3-f2cdc5369939,aviation.voto,available,11.98,86.98,high,low,8,namecheap,,,17/09/2026 22:43
8c15c097-b140-4d98-acbf-10940a4c1ab4,aviation.casino,available,14.99,159.99,high,low,8,namesilo,,,17/09/2026 22:43
c3aa375d-912a-48b2-b94e-5fe33b9e52b9,aircraft.futbol,available,5.98,21.98,high,low,8,namecheap,,,17/09/2026 23:03
a810e38e-6446-477b-9573-55a156c30d0d,aviation.limited,available,36.99,36.99,high,low,8,namesilo,,,17/09/2026 22:43
e61fe877-d9ff-41a6-aa53-b2a64e9b2eba,aircraft.maison,available,57.99,57.99,high,low,8,namesilo,,,17/09/2026 23:03
7926bf9e-7143-4a5b-92b5-1a85016f8f79,aircraft.support,available,4.98,37.98,high,low,8,namecheap,,,17/09/2026 23:03
627a289e-8794-46bb-a738-ec2a9db2e629,aircraft.icu,premium,68.43,147.2,high,low,8,namesilo,,,17/09/2026 23:03
472ffe8b-8426-4a38-aab4-76b300ee09af,aviation.bar,premium,163.8,234,high,low,8,namecheap,,,17/09/2026 22:43
d7979607-7089-4a18-904a-b418792a261a,aviation.bingo,available,53.99,53.99,high,low,8,namesilo,,,17/09/2026 22:43
ea1cec1c-58b1-4d76-949c-2447192f25f9,aircraft.vip,resell,,,high,low,8,"Chengdu West Dimension Digital Technology Co., Ltd.",17/08/2017 08:22,17/08/2027 08:22,26/09/2026 01:27
f8bac7b7-1c9d-4f52-861d-bd8441dae4bc,aircraft.software,premium,512,512,high,low,8,namesilo,,,17/09/2026 23:03
76b22127-bef2-47f4-be28-482a047b069a,aviation.cv,premium,139.75,9.75,high,low,8,namecheap,,,17/09/2026 22:43
96883a45-5cd5-464f-b30a-0d94e61ff9cd,aircraft.rocks,available,11.99,21.99,high,low,8,namesilo,,,17/09/2026 23:03
a0d8954e-f872-48f6-97fb-2ee0eda7cd3a,aviation.courses,premium,1107,1107,high,low,8,namesilo,,,17/09/2026 22:43
de034321-ce75-426f-8249-b23136233ec9,aviation.kitchen,available,10.99,64.99,high,low,8,namesilo,,,17/09/2026 22:43
02c3eacc-b9b2-4cc5-ae70-7377dce2f139,aviation.photo,premium,116,116,high,low,8,namesilo,,,17/09/2026 22:43
85a59004-a1a5-47dd-b6a5-6654082d4bfe,aircraft.fm,available,88.99,88.99,high,low,8,namesilo,,,17/09/2026 23:03
71973c21-32f0-4848-8ad8-178b3452534e,aircraft.dealer,premium,4278,2660,high,low,8,namesilo,,,17/09/2026 23:03
98033aba-2eb5-4421-bcbe-41365ef5d3a9,aviation.land,available,15.99,41.99,high,low,8,namesilo,,,17/09/2026 22:43
c5341953-4c22-4a7a-8e26-5aaa4f358105,aircraft.credit,available,11.99,141.99,high,low,8,name.com,,,17/09/2026 23:03
4cc922f7-0a9b-4437-9bf2-c17acc12ed03,aviation.beauty,resell,,,high,low,8,Dynadot Inc,30/06/2026 00:05,30/06/2027 23:59,26/09/2026 04:10
865f7348-7ebb-48f6-bbcc-39f1abfbe488,aviation.fish,available,44.49,44.49,high,low,8,namesilo,,,17/09/2026 22:43
eebb1609-b69d-4b89-8ed8-153e1a6ba7fc,aircraft.wtf,available,7.49,36.49,high,low,8,namesilo,,,17/09/2026 23:03
776d0672-0708-4e65-ba8f-51ad9cee2a00,aviation.farm,available,15.99,38.99,high,low,8,namesilo,,,17/09/2026 22:43
67218560-36bf-4773-868f-6172591cc896,aircraft.cat,available,26.98,38.98,high,low,8,namecheap,,,17/09/2026 23:03
d5bda4af-924c-4713-9eb7-cf547f67220a,aviation.rich,available,94.99,1999,high,low,8,namesilo,,,17/09/2026 22:43
224607e0-6dd7-40b4-a09e-1b7c07d92711,aviation.style,available,7.98,49.98,high,low,8,namecheap,,,17/09/2026 22:43
0e95bc31-9ca2-4687-a4e5-a4f9dff3228e,aviation.republican,available,7.49,28.99,high,low,8,namesilo,,,17/09/2026 22:43
b3e83872-a25b-4311-8e7b-a0fca981eee8,aircraft.art,premium,341.25,87.5,high,low,8,name.com,,,17/09/2026 23:03
dba3bb8a-5338-40cb-beed-8d6b53dc80bb,aviation.cricket,premium,448,53.92,high,low,8,namesilo,,,17/09/2026 22:43
9d884c7a-fb7a-4ad0-899a-7d125e87e9f3,aircraft.zip,premium,167.7,167.7,high,low,8,namecheap,,,17/09/2026 23:03
aa0f260a-ba24-4824-b8eb-7564df85eae5,aviation.us,resell,,,high,low,8,DomainSpot LLC,24/04/2002 14:05,23/04/2029 23:59,26/09/2026 04:11
e4d501c4-55c4-4d46-b507-5ea235a146f1,aviation.london,premium,137.02,31.58,high,low,8,namesilo,,,17/09/2026 22:43
67d85f66-659a-448d-9dc8-ff45d2abbd27,aircraft.mom,premium,832,832,high,low,8,namesilo,,,17/09/2026 23:03
75d2d36e-1cbf-4dda-b4b1-9887d007730a,aviation.show,premium,118.8,118.8,high,low,8,namesilo,,,17/09/2026 22:43
679e0e8f-2564-427f-ae1a-b996c8a718fc,aircraft.democrat,available,7.25,32.99,high,low,8,namesilo,,,17/09/2026 23:03
0892bf88-2f99-47c1-8cfa-79bb24db9b08,aviation.tattoo,available,34.99,34.99,high,low,8,namesilo,,,17/09/2026 22:43
1e5b3ec2-79df-47aa-82f3-2089e6e93925,aircraft.melbourne,available,58,58,high,low,8,namesilo,,,17/09/2026 23:03
9fa27aa3-1b5f-4dd2-a602-554644d4104f,aircraft.rehab,available,36.99,36.99,high,low,8,namesilo,,,17/09/2026 23:03
c75019ac-d64e-4496-8939-5fff9c6ac1e6,aviation.download,premium,455,65,high,low,8,namecheap,,,17/09/2026 22:43
c399fc2a-2a3a-4193-a002-392e30b3315c,aviation.party,premium,455,65,high,low,8,namecheap,,,17/09/2026 22:43
f4681bbe-9621-439c-b1b1-9e812a544447,aircraft.racing,premium,116,116,high,low,8,namesilo,,,17/09/2026 23:03
40b62c8f-b667-441e-8e9f-36c260c3bd90,aircraft.miami,available,23.49,23.49,high,low,8,namesilo,,,17/09/2026 23:03
498570ce-4c54-403c-9eac-7984d4034e4e,aircraft.dental,available,78.99,78.99,high,low,8,namesilo,,,17/09/2026 23:03
13808d60-90f0-465e-aba2-f0f2c546b7b8,aviation.hiphop,available,23.99,23.99,high,low,8,namesilo,,,17/09/2026 22:43
0add8a98-2050-4945-98c9-a8e1aec635fc,aviation.cheap,available,8.99,36.49,high,low,8,namesilo,,,17/09/2026 22:43
a5f35c58-e217-4f77-95c2-9590e979fb80,aviation.melbourne,available,58,58,high,low,8,namesilo,,,17/09/2026 22:43
28269abc-4bf2-4914-8ec0-10bdb356eaf8,aviation.fast,premium,53.92,53.92,high,low,8,namesilo,,,17/09/2026 22:43
57b0a872-64cb-4089-904d-24adb26b6470,aircraft.services,resell,,,high,low,8,"Sav.com, LLC",03/11/2024 02:11,03/11/2027 02:11,26/09/2026 01:27
976dda2b-9711-40a3-b7b2-da265a88c741,aviation.ing,premium,455,455,high,low,8,namecheap,,,17/09/2026 22:43
63d66e52-a019-42e6-bfc4-7c641197e14c,aviation.free,premium,116,116,high,low,8,namesilo,,,17/09/2026 22:43
355633aa-0749-4cdc-80b7-f7bb3b5d359d,aircraft.industries,premium,118.8,118.8,high,low,8,namesilo,,,17/09/2026 23:03
e9b9c5c5-3a5f-410f-b7ad-ad6ba336b94d,aircraft.cash,available,12.99,38.99,high,low,8,namesilo,,,17/09/2026 23:03
e7d64901-8783-480b-a3bf-fb8be510cb56,aircraft.fast,premium,53.92,53.92,high,low,8,namesilo,,,17/09/2026 23:03
3e035d91-d254-4512-86f6-09d6ea139ddd,aircraft.blog,available,4.29,22.99,high,low,8,namesilo,,,17/09/2026 23:03
fa55de25-c875-43f6-bb92-6f783d8fbf7c,aircraft.irish,available,7.49,22.49,high,low,8,namesilo,,,17/09/2026 23:03
33fe3fdd-8b2f-41ca-af7c-d8c7323fb311,aircraft.inc,premium,2061.5,2660,high,low,8,namesilo,,,17/09/2026 23:03
076c0c00-b15c-4905-8c47-ab9535cff865,aircraft.charity,available,14.99,23.99,high,low,8,namesilo,,,17/09/2026 23:03
ad00a796-33ad-46f8-92d5-03812105416c,aircraft.sucks,available,218.99,218.99,high,low,8,namesilo,,,17/09/2026 23:03
7560421e-b1bf-4128-b528-56bec15068b3,aircraft.food,available,39.99,59.99,high,low,8,name.com,,,17/09/2026 23:03
6e1d2480-117d-438e-9661-2015d140996c,aviation.fail,available,38.99,38.99,high,low,8,namesilo,,,17/09/2026 22:43
08286121-e8ec-44af-adbf-0eba0c5edf2c,aircraft.cfd,premium,68.43,147.2,high,low,8,namesilo,,,17/09/2026 23:03
ac959359-758c-4615-9e5f-74fcee6acfb7,aviation.memorial,available,52.99,52.99,high,low,8,namesilo,,,17/09/2026 22:43
20eae908-f471-4ddd-b99a-a1c4bdaf6542,aviation.pizza,available,17.99,64.99,high,low,8,namesilo,,,17/09/2026 22:43
62f6ceb4-d858-45c0-8cf3-a427c5cf2861,aircraft.life,resell,,,high,low,8,"Chengdu West Dimension Digital Technology Co., Ltd.",11/04/2024 17:00,11/04/2027 17:00,26/09/2026 01:27
0ccb35a1-0cdf-48b7-a272-3128c24d5649,aviation.bond,premium,68.43,147.2,high,low,8,namesilo,,,17/09/2026 22:43
b1005628-ccb0-49ce-b381-321795778986,aircraft.rsvp,premium,76.7,76.7,high,low,8,namecheap,,,17/09/2026 23:03
19f9e94f-5fa9-4552-a9f5-b6672963b069,aviation.cfd,premium,74.75,149.5,high,low,8,namecheap,,,17/09/2026 22:43
c472ef8a-452e-45e3-8767-be13ef437bcf,aircraft.express,available,12.49,39.99,high,low,8,namesilo,,,17/09/2026 23:03
f6adc40d-47f4-4615-8fed-19d35b9abfd8,aviation.osaka,available,32.98,41.98,high,low,8,namecheap,,,17/09/2026 22:43
3264f97a-cb4f-4772-9f1f-4c7a33b6ae1b,aviation.clothing,available,32.99,32.99,high,low,8,namesilo,,,17/09/2026 22:43
4c1ba8a8-e76e-47e3-b929-ffa26015977a,aviation.review,premium,1107,116,high,low,8,namesilo,,,17/09/2026 22:43
c9789250-e944-4e52-82e1-fed6f8327ebb,aircraft.games,premium,118.8,118.8,high,low,8,namesilo,,,17/09/2026 23:03
8517f693-e9c5-491e-8f3b-ce227489ab34,aircraft.fish,available,44.49,44.49,high,low,8,namesilo,,,17/09/2026 23:03
3938e8dd-eb16-4860-9a5b-c442625be5a3,aviation.makeup,available,1.8,21.98,high,low,8,namecheap,,,17/09/2026 22:43
eb1c4c8a-45bf-411e-b611-3928c241a30e,aircraft.golf,available,7.49,64.99,high,low,8,namesilo,,,17/09/2026 23:03
84d8d647-9379-46bb-b580-712576e4f0f0,aircraft.hockey,available,59.99,59.99,high,low,8,namesilo,,,17/09/2026 23:03
75e19fb4-a3ef-4a94-b23a-7803829f3e13,aviation.club,premium,3450,17.7,high,low,8,namesilo,,,17/09/2026 22:43
59e714af-82cf-4a10-bd42-890533b400bb,aviation.exchange,resell,,,high,low,8,"Spaceship, Inc.",21/07/2014 15:25,21/07/2027 15:25,26/09/2026 04:10
e5612b21-cec8-451f-b34f-b64805f310c8,aircraft.deals,available,39.99,39.99,high,low,8,namesilo,,,17/09/2026 23:03
fa9fa102-68ba-4b8c-9588-e4d0dc32019d,aircraft.bar,available,3.49,54.99,high,low,8,namesilo,,,17/09/2026 23:03
5fba720a-89fc-434a-beb0-4a8968e0b8db,aircraft.investments,available,12.99,129.99,high,low,8,namesilo,,,17/09/2026 23:03
ab860e73-f988-4925-9904-32a49bee087d,aircraft.diamonds,available,54.99,54.99,high,low,8,namesilo,,,17/09/2026 23:03
e9ac2b12-d2dd-4793-b7da-8fe76909c427,aircraft.cx,available,18.99,18.99,high,low,8,namesilo,,,17/09/2026 23:03
e51ff740-cdc5-4a98-b18d-637a124b741b,aviation.engineering,premium,118.8,118.8,high,low,8,namesilo,,,17/09/2026 22:43
a3392b8a-5033-4482-b72b-bf4089bd1856,aviation.forsale,premium,118.8,118.8,high,low,8,namesilo,,,17/09/2026 22:43
42aaa23b-a8b1-448e-92f8-c2ffc5ffd386,aircraft.limo,available,19.99,71.99,high,low,8,name.com,,,17/09/2026 23:03
da3e20b1-a1b4-432b-8d32-44bc31fe7863,aircraft.fail,available,38.99,38.99,high,low,8,namesilo,,,17/09/2026 23:03
29af3c2d-bc49-4d62-9649-794d76e53731,aircraft.holdings,available,64.99,64.99,high,low,8,namesilo,,,17/09/2026 23:03
2614505f-2fb0-4d31-a9cd-9b800080d0b6,aircraft.gg,available,68.98,82.98,high,low,8,namecheap,,,17/09/2026 23:03
625dab88-2a79-4426-a622-4c8b02feb390,aircraft.security,available,2999.99,3799.99,high,low,8,name.com,,,17/09/2026 23:03
170937e4-6b41-4420-a6dd-8632da308dd0,aircraft.properties,available,18.99,39.99,high,low,8,namesilo,,,17/09/2026 23:03
568ce2e6-18ec-44af-9e42-eda9584da45c,aviation.reise,available,27.89,97.99,high,low,8,namesilo,,,17/09/2026 22:43
9c54d58e-782f-4c59-80c7-d75f40dbbd40,aviation.food,available,5.49,39.99,high,low,8,namesilo,,,17/09/2026 22:43
928c301b-f6d4-4133-8390-60782af3abab,aircraft.qpon,premium,29.5,23.54,high,low,8,namesilo,,,17/09/2026 23:03
8e53d685-daed-4f05-95f0-2acad4c5ecee,aviation.immo,available,34.99,34.99,high,low,8,namesilo,,,17/09/2026 22:43
886caa37-edcc-4296-a575-0953b376a27b,aviation.coupons,available,5.99,54.99,high,low,8,namesilo,,,17/09/2026 22:43
f118ccc6-db0b-42ba-9812-15802939dd89,aircraft.soy,premium,53.3,53.3,high,low,8,namecheap,,,17/09/2026 23:03
37e181f0-d05b-4a50-a099-cc41d62197a5,aviation.tienda,available,59.99,59.99,high,low,8,namesilo,,,17/09/2026 22:43
eab24861-3b27-44b9-a515-5c97607e194a,aircraft.promo,available,14.49,24.99,high,low,8,namesilo,,,17/09/2026 23:03
5e3c6369-123c-4823-b855-d34c5546f74a,aviation.dental,available,78.99,78.99,high,low,8,namesilo,,,17/09/2026 22:43
c9e22d27-1bd8-4be4-8e2e-340957a30d16,aviation.doctor,available,14.49,116.99,high,low,8,namesilo,,,17/09/2026 22:43
0b19cb93-e667-4c16-a885-ff19d9098ba0,aviation.holiday,available,64.99,64.99,high,low,8,namesilo,,,17/09/2026 22:43
4fd598a4-e5c7-491b-a72c-6e28c692efc7,aircraft.land,available,15.99,41.99,high,low,8,namesilo,,,17/09/2026 23:03
49a36b2b-4666-4725-a3a5-cc6677523a8b,aviation.estate,available,15.99,38.99,high,low,8,namesilo,,,17/09/2026 22:43
5ef31392-c347-46ea-a124-feca73fc0819,aircraft.party,premium,448,53.92,high,low,8,namesilo,,,17/09/2026 23:03
60315d1a-b0e2-473f-aeff-be456a88920a,aircraft.paris,available,66.98,66.98,high,low,8,namecheap,,,17/09/2026 23:03
92396543-bd43-4455-8e2e-f783f558e1e0,aircraft.place,available,22.49,22.49,high,low,8,namesilo,,,17/09/2026 23:03
108b6ebe-0556-47ef-a9e0-e1968751caec,aircraft.college,available,17.99,59.99,high,low,8,namesilo,,,17/09/2026 23:03
fb4279fa-4e37-4c27-bf74-d484e29fedc7,aviation.blog,premium,640,2660,high,low,8,namesilo,,,17/09/2026 22:43
2446b765-5024-454e-9dfb-5ede6771e2c8,aircraft.name,available,8.98,9.98,high,low,8,namecheap,,,17/09/2026 23:03
05be06e1-8b77-47b5-9bf5-f0b35ed58c73,aviation.site,premium,1107,1107,high,low,8,namesilo,,,17/09/2026 22:43
4b87fb4c-b353-4374-ae0f-a43b438f98c3,aviation.archi,available,19.99,103.99,high,low,8,namesilo,,,17/09/2026 22:43
99359021-e9d7-4042-9b41-ef2ad4b155c2,aviation.yachts,available,1.8,21.98,high,low,8,namecheap,,,17/09/2026 22:43
2fd53eb2-39ea-4385-b6fa-19b09a3a997a,aviation.limo,available,54.99,54.99,high,low,8,namesilo,,,17/09/2026 22:43
3c25c088-6883-4bd6-aae7-3287f303bc85,aircraft.actor,available,16.99,44.49,high,low,8,namesilo,,,17/09/2026 23:03
5d7d2478-27e1-4ff4-b2d9-1cf060cc7839,aircraft.baby,available,17.99,54.99,high,low,8,namesilo,,,17/09/2026 23:03
1fa412bf-27fa-47af-a041-4e9e546dfc45,aircraft.photography,available,9.99,46.99,high,low,8,name.com,,,17/09/2026 23:03
f9f6a6c4-289f-4b1e-a8ad-c1d743e8eac3,aviation.maison,available,60.98,69.98,high,low,8,namecheap,,,17/09/2026 22:43
b7f362df-31b3-4a95-a252-0fcdc6240fcb,flight.cars,available,2070,2950,high,low,6,namecheap,,,24/09/2026 20:44
82f453ce-4bcb-451c-a921-73b3546de9be,aviation.new,available,488.98,601.98,high,low,8,namecheap,,,17/09/2026 22:43
1f77bb71-6647-4450-8cdc-3058d33c4935,aircraft.mobile,premium,750,750,high,low,8,name.com,,,17/09/2026 23:03
2b30d40f-9629-4f58-8e6c-81a7a2ece6fc,aircraft.bot,available,64.99,64.99,high,low,8,namesilo,,,17/09/2026 23:03
f61be931-1ea8-44e3-94c6-a083ed9f2982,aircraft.foo,premium,161.25,161.25,high,low,8,name.com,,,17/09/2026 23:03
8ca6e139-21d8-47cd-8c80-c7627ccbd9e6,aircraft.pet,available,6.98,35.98,high,low,8,namecheap,,,17/09/2026 23:03
7088979f-d2cf-4d24-9ede-d9eb8516ea61,aircraft.pink,available,14.49,25.99,high,low,8,namesilo,,,17/09/2026 23:03
decdff92-a8aa-4b0a-bf12-42673306dff8,aircraft.memorial,available,52.99,52.99,high,low,8,namesilo,,,17/09/2026 23:03
51cf7706-f4ab-4b11-9651-fee22419b7d5,flight.moda,available,41.99,41.99,high,low,6,namesilo,,,24/09/2026 20:44
076c7924-c5fe-42a9-8608-342492e7cb36,aircraft.fashion,available,32.49,32.49,high,low,8,namesilo,,,17/09/2026 23:03
5a0920c0-5064-4981-81ce-76090c90b6d0,flight.at,resell,,,high,low,6,Webagentur.at Internet Services GmbH ( https://nic.at/registrar/25 ),,,26/09/2026 06:08
effd633b-caf3-4dd5-9da1-55c0765133a7,aviation.productions,available,10.99,40.49,high,low,8,namesilo,,,17/09/2026 22:43
89455815-829c-4de0-9e5a-c4568423195d,aircraft.ong,available,16.99,16.99,high,low,8,name.com,,,17/09/2026 23:03
9e29ee4b-1b08-4ce5-8c7a-8f293ba73237,aircraft.ngo,available,18.98,24.98,high,low,8,namecheap,,,17/09/2026 23:03
ca3ee884-81d9-4907-9d25-db184850987a,aircraft.associates,available,18.99,38.99,high,low,8,namesilo,,,17/09/2026 23:03
1b87e49b-5593-40d3-a992-177d5b7cb3d1,aviation.desi,available,19.98,22.98,high,low,8,namecheap,,,17/09/2026 22:43
f2d4d0d0-8322-4977-b7e8-223511f60383,aircraft.me,resell,,,high,low,8,Dynadot Inc,06/09/2015 02:35,06/09/2027 02:35,26/09/2026 01:27
b22e0f21-44e3-4e12-994a-b07a31be8795,aircraft.solar,available,64.99,64.99,high,low,8,namesilo,,,17/09/2026 23:03
013296ee-8b67-4e6b-ae52-7d5ebd4f312e,aircraft.auction,available,4.99,52.99,high,low,8,name.com,,,17/09/2026 23:03
a1e1ee9f-0426-4c1a-a0c3-0adb6567685d,aviation.chat,resell,,,high,low,8,Dynadot Inc,04/02/2026 17:00,04/02/2027 17:00,26/09/2026 04:10
abbfeb3b-5634-49f9-97d2-c0edcb58f298,aircraft.voto,available,19.99,102.99,high,low,8,name.com,,,17/09/2026 23:03
c1a60f28-a5e1-47d8-b540-127cf0f4b0d3,aviation.page,premium,70.21,70.21,high,low,8,namesilo,,,17/09/2026 22:43
44b8c1d4-310e-4d72-9974-737f2c6b5b82,aircraft.events,available,10.48,57.98,high,low,8,namecheap,,,17/09/2026 23:03
d3f52ec0-3f8a-425c-b939-f6976513df25,aviation.apartments,available,57.99,57.99,high,low,8,namesilo,,,17/09/2026 22:43
e6d8147f-bcd3-4c68-9fe2-10931a2c05d9,aviation.zip,premium,167.7,167.7,high,low,8,namecheap,,,17/09/2026 22:43
82133b8a-59eb-4302-a61a-023592f68d77,aircraft.capital,available,10.99,71.99,high,low,8,namesilo,,,17/09/2026 23:03
d1ccec8e-9a3a-4d4c-b144-4b597a32b7bf,aircraft.sbs,premium,107.81,143.75,high,low,8,name.com,,,17/09/2026 23:03
5b27fac5-25b3-4b5d-ba0d-ca4f769005b8,aircraft.insure,available,72.99,72.99,high,low,8,namesilo,,,17/09/2026 23:03
ed993729-c302-44b6-8901-9f91baf2b3ad,aviation.degree,available,52.99,52.99,high,low,8,namesilo,,,17/09/2026 22:43
d383c769-8868-4c43-a7cb-10051c696893,aviation.sexy,available,2749.99,2749.99,high,low,8,namesilo,,,17/09/2026 22:43
354481ac-20d7-448e-90f6-a4f1e8878a69,aircraft.surf,available,2.19,32.49,high,low,8,namesilo,,,17/09/2026 23:03
1ff54f50-9330-42d0-9ee9-85a78427e2a4,aircraft.london,available,12.98,41.98,high,low,8,namecheap,,,17/09/2026 23:03
e64f9473-cb3d-404b-aef1-f58f321e0033,aircraft.immo,available,34.99,34.99,high,low,8,namesilo,,,17/09/2026 23:03
8dc27325-512d-4a93-bc4b-4fefe22fab6f,aircraft.wiki,available,2.99,32.49,high,low,8,namesilo,,,17/09/2026 23:03
142a8b80-c89b-4374-b69f-e05151bf5c36,aircraft.forex,available,19.99,129.99,high,low,8,name.com,,,17/09/2026 23:03
bb389dfc-6a5b-4940-8857-9b5916ad4de3,aviation.nyc,premium,640,29.5,high,low,8,namesilo,,,17/09/2026 22:43
c48dcea7-c034-450d-aff0-9ff051f1a29f,aviation.qpon,premium,3450,23.54,high,low,8,namesilo,,,17/09/2026 22:43
804963c5-86fc-45e6-a30d-ad85892dbe97,aircraft.boutique,available,5.99,32.99,high,low,8,namesilo,,,17/09/2026 23:03
f5251a51-12ad-4f2c-b276-d564324e7f31,aviation.vodka,available,32.49,32.49,high,low,8,namesilo,,,17/09/2026 22:43
51c5d9e7-7688-4e5b-9bf4-fea43d329a7a,aviation.reisen,available,3.99,20.99,high,low,8,namesilo,,,17/09/2026 22:43
c8ab535d-749d-436e-84d8-9902586f9dc2,aviation.ryukyu,available,17.98,22.98,high,low,8,namecheap,,,17/09/2026 22:43
ad8a7c12-76e1-4851-a304-3078d9afe2b6,aircraft.free,premium,116,116,high,low,8,namesilo,,,17/09/2026 23:03
f423fa2a-c45c-4f3a-b868-ae9044d687e4,aircraft.protection,available,2999.99,3799.99,high,low,8,name.com,,,17/09/2026 23:03
17a86ddd-8614-4371-a4ca-f3749b53bdec,aircraft.yoga,available,32.49,32.49,high,low,8,namesilo,,,17/09/2026 23:03
e017ca34-bae4-4d16-be3c-776b2780a7ff,flight.company,resell,,,high,low,6,Hosting Concepts B.V. d/b/a Registrar.eu,19/03/2014 16:00,19/03/2027 16:00,26/09/2026 06:08
7f779dbc-4efa-4cac-b02c-18c48c4dcdc4,aircraft.contractors,available,36.98,39.98,high,low,8,namecheap,,,17/09/2026 23:03
f4783b56-68b2-4ca9-a9ba-100de34a326c,aviation.meme,premium,195,195,high,low,8,namecheap,,,17/09/2026 22:43
f5a2a1c1-7f0b-495c-889c-300a57904fe8,aviation.associates,available,18.99,38.99,high,low,8,namesilo,,,17/09/2026 22:43
64c923cf-7def-4821-b8f4-b437b80054d2,aviation.dating,available,20.99,64.99,high,low,8,namesilo,,,17/09/2026 22:43
fa357bce-df4c-46cb-94ff-5951b81dda2c,aviation.moe,available,13.99,13.99,high,low,8,namesilo,,,17/09/2026 22:43
18e30951-9309-4e57-846e-4790997033c2,aircraft.berlin,available,79.98,89.98,high,low,8,namecheap,,,17/09/2026 23:03
5ae1bc01-2d9a-49a6-9f75-6e0e6cc7b662,aviation.music,available,47.98,52.48,high,low,8,namecheap,,,17/09/2026 22:43
18eed9f1-9875-4ed0-969e-5d4bdd57a4cb,aircraft.wine,available,9.99,59.99,high,low,8,namesilo,,,17/09/2026 23:03
d35bd1a7-8cd0-4dad-a032-4cf0387e7367,airplane.tours,available,10.99,61.99,high,low,8,namesilo,,,27/09/2026 04:01
83640f40-2d5a-4b1b-b33c-18f9ad5eeb50,aviation.men,premium,455,65,high,low,8,namecheap,,,17/09/2026 22:43
4f9ac319-e70f-47df-bd0b-364864052305,flight.black,available,17.48,82.98,high,low,6,namecheap,,,24/09/2026 20:44
a8b76dc9-ed26-4a58-a671-ca8958065ea9,aircraft.cyou,premium,68.43,147.2,high,low,8,namesilo,,,17/09/2026 23:03
23d2d400-ec64-404e-924d-1905224dcaaa,flight.kitchen,available,10.99,64.99,high,low,6,namesilo,,,24/09/2026 20:44
e475931b-a0f5-4788-a6e2-186e00d85490,aircraft.engineering,available,16.99,64.99,high,low,8,namesilo,,,17/09/2026 23:03
cb1c4047-16d3-400f-a09c-6657bc362b23,flight.band,available,20.99,31.49,high,low,6,namesilo,,,24/09/2026 20:44
c2d59942-5027-49b1-9ca6-d32d4ab8c21b,aviation.motorcycles,available,1.99,17.29,high,low,8,namesilo,,,17/09/2026 22:43
ef1b711c-0cf3-45ee-a70a-9390841a0b13,flight.red,available,11.49,23.49,high,low,6,namesilo,,,24/09/2026 20:44
83e4bc6b-a62e-4a50-a163-0e6423862c40,flight.fail,available,40.98,50.98,high,low,6,namecheap,,,24/09/2026 20:44
54995130-2ea0-4e27-a682-2496c8812b6c,aviation.fishing,available,32.49,32.49,high,low,8,namesilo,,,17/09/2026 22:43
ef857a3b-8e82-4f89-a657-6b0d4b01e424,airplane.cruises,available,54.98,68.98,high,low,8,namecheap,,,27/09/2026 04:01
d2532956-64ee-4bd5-96da-d0d7f3abc731,aircraft.vet,available,43.98,52.98,high,low,8,namecheap,,,17/09/2026 23:03
fb3bba5a-8fdc-4662-8055-615a4bf86a06,airplane.engineering,available,16.99,64.99,high,low,8,namesilo,,,27/09/2026 04:01
24fa2805-2f47-46ec-92d6-b1118417e89e,aviation.forex,available,11.98,133.98,high,low,8,namecheap,,,17/09/2026 22:43
2bfac8e5-fd08-4149-8a31-69b07939d899,aircraft.gmbh,available,45.99,45.99,high,low,8,namesilo,,,17/09/2026 23:03
c1917563-ccda-4742-829e-007386a11f9c,aircraft.forsale,premium,512,512,high,low,8,namesilo,,,17/09/2026 23:03
593e56aa-ef1d-497f-a4ef-f574d16b2668,flight.mobile,premium,375,375,high,low,6,name.com,,,24/09/2026 20:44
3a4d4882-6ecd-4430-8c64-84272effcc9b,aircraft.ooo,premium,87.49,34.99,high,low,8,name.com,,,17/09/2026 23:03
de1a5c93-e333-4562-a582-9433e4c4278e,aviation.hair,available,1.99,17.29,high,low,8,namesilo,,,17/09/2026 22:43
246e4655-f2a0-4d78-ba09-ce97a052ba42,aviation.villas,available,59.99,59.99,high,low,8,namesilo,,,17/09/2026 22:43
31e6326c-e4a5-43e2-a03e-ae5ac4c44509,aircraft.new,available,488.98,601.98,high,low,8,namecheap,,,17/09/2026 23:03
893fd151-c089-4b43-8c25-473669e24cac,flight.rsvp,premium,1248.75,1248.75,high,low,6,name.com,,,24/09/2026 20:44
0642fecd-99c6-4fe9-bf16-b36615bfcec3,flight.style,available,7.98,49.98,high,low,6,namecheap,,,24/09/2026 20:44
7a9f4ca2-81db-4c6c-8a99-5593781590e8,flight.gifts,premium,242,242,high,low,6,namesilo,,,24/09/2026 20:44
1df02a28-7383-45a4-911e-b89710be7ba5,aircraft.sydney,premium,177.72,177.72,high,low,8,name.com,,,17/09/2026 23:03
6922d1b0-26cc-4f38-84a2-c8a9290be138,flight.industries,available,17.49,65.99,high,low,6,name.com,,,24/09/2026 20:44
c5db5531-83c9-4712-ab57-331f63ab938f,aviation.enterprises,available,9.48,47.98,high,low,8,namecheap,,,17/09/2026 22:43
9ff07612-173f-4eff-859d-d734ffebea8d,flight.fan,available,11.99,71.99,high,low,6,name.com,,,24/09/2026 20:44
1e6d6714-7152-49c1-8a8b-2b44293855eb,flight.build,premium,650,650,high,low,6,namecheap,,,24/09/2026 20:44
88a03447-8e34-4920-b5dd-7975ef3d7752,aviation.berlin,available,79.98,89.98,high,low,8,namecheap,,,17/09/2026 22:43
3491dc9e-ad68-4bcd-8d91-8109049cebdc,flight.dance,available,16.99,27.49,high,low,6,namesilo,,,24/09/2026 20:44
366667a1-92e3-4bc8-9c09-0f2c4f37a2a8,aviation.boats,available,1.99,17.29,high,low,8,namesilo,,,17/09/2026 22:43
afced7a6-b79b-4959-98e3-44a22e8f3b2d,aviation.ngo,available,18.98,24.98,high,low,8,namecheap,,,17/09/2026 22:43
096e4c3c-015d-47e4-a55e-c80545062e47,aviation.gg,resell,,,high,low,8,"humbly, LLC (http://park.io)",,,26/09/2026 04:10
54fec218-4ce3-43a6-ad7e-cb7799c1e37a,aircraft.hiv,available,195.99,195.99,high,low,8,namesilo,,,17/09/2026 23:03
07487b68-13c1-4d36-9f9d-6c64c021ff76,aircraft.auto,available,1999.99,2199,high,low,8,namesilo,,,17/09/2026 23:03
7425135a-ddde-45e4-a926-9c9fe9ee4974,aviation.credit,available,9.48,131.98,high,low,8,namecheap,,,17/09/2026 22:43
5d39ba5b-5481-4834-bf54-62fe73ddaee8,aviation.onl,premium,53.92,116,high,low,8,namesilo,,,17/09/2026 22:43
2ec85dde-c81c-47c3-99dd-5098e190e594,flight.living,premium,455,650,high,low,6,namecheap,,,24/09/2026 20:44
244d48c1-97a3-44e8-8629-13e713cd65f3,aircraft.bio,available,9.99,69.99,high,low,8,namesilo,,,17/09/2026 23:03
e45bed33-c842-4a89-bf41-38d518e52507,aircraft.flowers,available,64.99,114.99,high,low,8,namesilo,,,17/09/2026 23:03
591316e7-74ae-4cd6-ac96-0ad59b535246,aircraft.vision,available,45.99,45.99,high,low,8,namesilo,,,17/09/2026 23:03
d7aac47f-b34f-4979-90db-0615b01cb2ac,aviation.futbol,available,7.49,17.99,high,low,8,namesilo,,,17/09/2026 22:43
075639ed-c2cc-4fb4-9045-4370b18bc72d,aircraft.reisen,available,3.99,20.99,high,low,8,namesilo,,,17/09/2026 23:03
222cb54b-ef32-4c24-a77f-a3b3e584836e,flight.dad,premium,1248.75,1248.75,high,low,6,name.com,,,24/09/2026 20:44
a7b51dbb-61f7-4896-9ea6-fa3950e359aa,aircraft.horse,available,32.49,32.49,high,low,8,namesilo,,,17/09/2026 23:03
a5782307-16d7-48c4-b641-5c8830b813b1,aviation.expert,resell,,,high,low,8,"Global Domains International, Inc. DBA DomainCostClub.com",15/06/2026 15:15,15/06/2027 15:15,26/09/2026 04:10
d546e3c7-d0d3-4fad-81c8-402660b343ee,flight.voyage,premium,118.8,118.8,high,low,6,namesilo,,,24/09/2026 20:44
125e8631-2f76-4667-8c1e-120cf8b6ad35,aviation.faith,available,11.99,11.99,high,low,8,namesilo,,,17/09/2026 22:43
47d5f49e-4062-4c36-baf4-025cec9247bd,flight.baby,available,1.8,81.98,high,low,6,namecheap,,,24/09/2026 20:44
67df2c91-6a57-4954-9958-87f0a9bc9597,airplane.energy,available,15.99,114.99,high,low,8,namesilo,,,27/09/2026 04:01
6609a7e0-4aaf-4f76-94e6-16f942d9695b,aircraft.careers,available,34.99,71.99,high,low,8,namesilo,,,17/09/2026 23:03
979241d7-5900-45fd-a0c5-d09149c99d78,flight.ceo,available,9.99,146.98,high,low,6,namecheap,,,24/09/2026 20:44
4b811d65-c154-490f-b87e-e802ea64a1c6,aircraft.uno,premium,156.25,312.5,high,low,8,name.com,,,17/09/2026 23:03
e6ad70ae-ba19-4b9e-9af8-352caac3c7f1,flight.download,premium,448,53.92,high,low,6,namesilo,,,24/09/2026 20:44
917c3d94-83db-430c-b6c4-8c818336e9df,aviation.camera,available,58.99,58.99,high,low,8,namesilo,,,17/09/2026 22:43
83422015-c650-44d4-8b65-972f27b77238,flight.host,premium,640,640,high,low,6,namesilo,,,24/09/2026 20:44
615d4b1c-d088-448b-af36-76b6e0d33eeb,aviation.tires,available,87.98,110.98,high,low,8,namecheap,,,17/09/2026 22:43
039b2902-9809-4dab-a8e7-7ef73e284ba4,aircraft.ink,available,2.99,32.49,high,low,8,namesilo,,,17/09/2026 23:03
5132184d-6064-4785-9604-4f6530014487,airplane.im,available,4.98,12.98,high,low,8,namecheap,,,27/09/2026 04:01
92d1e140-1534-4590-8e8f-a6d5c6849dcb,airplane.holdings,available,64.99,64.99,high,low,8,namesilo,,,27/09/2026 04:01
24c807f7-480c-411b-9be0-e9eab816045c,aviation.design,resell,,,high,low,8,Dynadot Inc,25/01/2026 03:32,25/01/2027 03:32,26/09/2026 04:10
d60fbd68-81bc-4607-a6b4-57d9031602ec,airplane.auction,premium,128.7,128.7,high,low,8,namecheap,,,27/09/2026 04:01
5fcda60a-a07f-4b78-98c1-476c0b766abb,aircraft.website,premium,302.5,302.5,high,low,8,namesilo,,,17/09/2026 23:03
12044412-2fa9-461c-95a6-51b909303fe1,aviation.rip,available,23.49,23.49,high,low,8,namesilo,,,17/09/2026 22:43
9b6a5de5-7578-4305-a8c6-f50cc3b6b715,aviation.cruises,available,56.99,56.99,high,low,8,namesilo,,,17/09/2026 22:43
d75d0d66-bd18-490c-93a3-cccf138648d6,aircraft.osaka,available,32.98,41.98,high,low,8,namecheap,,,17/09/2026 23:03
75f7fdd3-404e-40a9-b2c2-4bc5be209a6a,airplane.graphics,available,23.99,23.99,high,low,8,namesilo,,,27/09/2026 04:01
56eb039b-2df1-4fa8-852d-e5981ba70dd6,flight.cruises,premium,118.8,118.8,high,low,6,namesilo,,,24/09/2026 20:44
f5006e46-1dde-4c60-a60f-481b6a1e94e7,aviation.diamonds,available,54.99,54.99,high,low,8,namesilo,,,17/09/2026 22:43
c32173da-4137-481f-a775-a7a0430a9c3d,aircraft.luxury,available,49.99,49.99,high,low,8,name.com,,,17/09/2026 23:03
c8480f84-1d2e-441b-b020-094a7599be51,airplane.melbourne,available,58,58,high,low,8,namesilo,,,27/09/2026 04:01
3c63b4e9-f4cb-4ac4-a2ee-325efbc5eabc,aircraft.coffee,available,16.99,42.99,high,low,8,namesilo,,,17/09/2026 23:03
38be84cd-fc38-4bfd-99a0-dd2718d1791f,aviation.help,resell,,,high,low,8,Dynadot Inc,14/08/2026 13:37,14/08/2027 23:59,26/09/2026 04:10
ed742c55-afe5-412d-a3c9-c58adba4183a,airplane.marketing,available,8.99,41.99,high,low,8,namesilo,,,27/09/2026 04:01
380e06af-8c0f-4e4c-b25a-00dbfa99f7fe,aircraft.gay,premium,53.92,53.92,high,low,8,namesilo,,,17/09/2026 23:03
f4931d32-1611-4585-b879-0803274695aa,flight.photography,available,9.99,46.99,high,low,6,name.com,,,24/09/2026 20:44
338634ec-78bf-4f94-8a09-75bee0b2a2c1,airplane.pet,premium,1107,1107,high,low,8,namesilo,,,27/09/2026 04:01
249797a3-f549-474c-be23-8f1780db6b4a,flight.insure,available,72.99,72.99,high,low,6,namesilo,,,27/09/2026 06:29
792a432e-d11a-4f33-a11e-fb07e6ceb454,aircraft.salon,available,57.99,57.99,high,low,8,namesilo,,,17/09/2026 23:03
83a3463f-d5b0-4ba0-8663-e510f7e323c6,airplane.sex,available,69.98,154.98,high,low,8,namecheap,,,27/09/2026 04:01
39eb0fe4-af7e-4ad3-a92c-d701160b74df,aircraft.gives,available,14.99,23.99,high,low,8,namesilo,,,17/09/2026 23:03
000bae76-d7a6-4612-9ff3-9cb3ea8a2882,airplane.events,available,15.99,45.99,high,low,8,namesilo,,,27/09/2026 04:01
9f14b6f9-8ff4-4fc3-8c30-7f38b98c590a,flight.dating,available,20.99,64.99,high,low,6,namesilo,,,24/09/2026 20:44
e03399ee-d148-47f5-b20a-0822c16653a9,flight.online,premium,34500,34500,high,low,6,namesilo,,,24/09/2026 20:44
43cd257a-d1d7-4839-8b4d-9cb4e2360c87,flight.fashion,available,32.49,32.49,high,low,6,namesilo,,,24/09/2026 20:44
fd546959-fde1-4241-aa14-aca5619c7fda,aviation.studio,resell,,,high,low,8,Alibaba Cloud Computing Ltd. d/b/a HiChina (www.net.cn),28/05/2017 16:33,28/05/2027 16:33,26/09/2026 04:10
01d3288f-d884-4c2a-a239-faf3b02de737,aircraft.to,resell,,,high,low,8,Tonic,11/12/2019 02:27,01/08/2027 00:00,26/09/2026 01:27
874261c5-a9f8-46e5-840e-4216e51554c4,aircraft.storage,available,799,949.99,high,low,8,name.com,,,17/09/2026 23:03
6cb3301f-b1bb-4394-8530-059dba03920c,aviation.hamburg,available,69.98,73.98,high,low,8,namecheap,,,17/09/2026 22:43
6cd48168-c9f5-4511-afab-675d60495746,aviation.how,premium,122.2,122.2,high,low,8,namecheap,,,17/09/2026 22:43
bc7df336-0849-489a-b3a6-07359b1720c8,airplane.diet,available,104.99,114.99,high,low,8,namesilo,,,27/09/2026 04:01
799bf4de-8cef-4e0a-99c2-f862f546729b,aircraft.buzz,premium,116,53.92,high,low,8,namesilo,,,17/09/2026 23:03
fc9404d6-9239-46ce-ab6e-46c07256be6a,flight.boo,premium,1248.75,1248.75,high,low,6,name.com,,,24/09/2026 20:44
d7bc219f-0eeb-4640-a46e-f23d64fe0475,flight.international,resell,,,high,low,6,"Sav.com, LLC",21/06/2017 07:23,21/06/2027 07:23,26/09/2026 06:08
d7538c20-1763-4885-b1ea-afdd9a1f3ef5,aircraft.restaurant,available,20.99,64.99,high,low,8,namesilo,,,17/09/2026 23:03
456fef71-8f0e-480d-b211-ccc4463a72a0,airplane.black,available,27.99,64.99,high,low,8,namesilo,,,27/09/2026 04:01
0dc00935-1677-4cc8-a896-6167fe8f4682,airplane.my,premium,91.96,91.96,high,low,8,namesilo,,,27/09/2026 04:01
321369af-5c3c-45c5-9a8e-4abe29b230e2,aircraft.villas,available,59.99,59.99,high,low,8,namesilo,,,17/09/2026 23:03
529873a6-29b3-41a1-86a5-702b3b4283a4,airplane.ing,premium,455,455,high,low,8,namecheap,,,27/09/2026 04:01
ff38af3b-b979-4be4-aa25-3b175305a08a,aviation.lgbt,available,11.98,93.98,high,low,8,namecheap,,,17/09/2026 22:43
626a1a5a-7946-46bd-8fcd-35811bb015ce,aviation.irish,available,7.49,22.49,high,low,8,namesilo,,,17/09/2026 22:43
3aaa7518-ec53-499d-8100-23e4fe0285fe,flight.meme,premium,1690,1690,high,low,6,namecheap,,,24/09/2026 20:44
a36a9f07-0c8d-4ee2-a615-cda60143d607,aviation.autos,resell,,,high,low,8,"Spaceship, Inc.",01/01/2026 19:33,01/01/2027 23:59,26/09/2026 04:10
fa7aaf0b-c5c4-4eb6-a9d3-c15778e112f5,airplane.audio,available,108.98,159.98,high,low,8,namecheap,,,27/09/2026 04:01
2bc7242d-805c-4565-a04b-04480cae557e,aircraft.channel,premium,76.7,76.7,high,low,8,namecheap,,,17/09/2026 23:03
37a42ecf-c4e4-446a-a9ef-309e68e6440a,airplane.live,premium,118.8,118.8,high,low,8,namesilo,,,27/09/2026 04:01
ed40413c-0845-4e43-bb01-2c8c9647dc1b,flight.memorial,available,64.99,65.99,high,low,6,name.com,,,24/09/2026 20:44
559d9c30-cd38-4252-ba97-cfc0af72d287,airplane.xyz,resell,,,high,low,8,"GoDaddy.com, LLC",02/06/2014 16:44,02/06/2027 23:59,27/09/2026 04:01
2d2d06c9-7a8b-4b61-9782-649405284327,aviation.bargains,available,17.99,26.49,high,low,8,namesilo,,,17/09/2026 22:43
40fdf95d-7992-43e6-bbb1-5092b2a2598a,aircraft.voting,available,1398,1448,high,low,8,namecheap,,,17/09/2026 23:03
e2c53fa7-bbbd-4ed8-8ba3-1aefb1d48d76,aviation.gmbh,available,45.99,45.99,high,low,8,namesilo,,,17/09/2026 22:43
1ffa5389-a2e2-45c9-85c3-01eb1699b8ee,airplane.education,available,34.99,34.99,high,low,8,namesilo,,,27/09/2026 04:01
f79b713c-d384-4e9f-a940-646dda50645e,aircraft.casa,available,2.19,12.99,high,low,8,namesilo,,,17/09/2026 23:03
569f49b2-4774-4d16-bb5d-3b8c6fc0101d,flight.tax,premium,118.8,118.8,high,low,6,namesilo,,,24/09/2026 20:44
6c6c7b59-658e-47f5-abab-04c5a34314d8,airplane.gmbh,available,45.99,45.99,high,low,8,namesilo,,,27/09/2026 04:01
da72fb9b-b04e-4a49-9e65-ff4b14770f7e,flight.vodka,available,33.98,43.98,high,low,6,namecheap,,,24/09/2026 20:44
cedd826a-b9db-48c0-a39d-b2d85efe0086,airplane.surgery,available,54.99,54.99,high,low,8,namesilo,,,27/09/2026 04:01
684b031a-0f59-4938-a01f-a57d1fa2b775,aviation.haus,available,14.99,33.99,high,low,8,namesilo,,,17/09/2026 22:43
d9b3fcbb-3b99-463a-bf8c-8a2efb2ea559,airplane.attorney,available,62.99,62.99,high,low,8,namesilo,,,27/09/2026 04:01
816df946-ee61-478b-9d2e-b19e9bac3c64,aircraft.estate,available,15.99,38.99,high,low,8,namesilo,,,17/09/2026 23:03
b155c81f-67b5-45c8-a691-5dbef8251467,aircraft.rent,premium,650,650,high,low,8,namecheap,,,17/09/2026 23:03
2719bba5-1df0-4c75-b3c3-898c97a691a5,aircraft.ag,available,89.99,79.99,high,low,8,namesilo,,,17/09/2026 23:03
bacb6283-2683-4e89-a174-cd9301d0b377,airplane.rip,available,23.49,23.49,high,low,8,namesilo,,,27/09/2026 04:01
be9154bf-7c26-4003-8f47-ff849972a877,aviation.ong,available,18.98,24.98,high,low,8,namecheap,,,17/09/2026 22:43
23ce8ded-6c61-4912-8e5f-9caf01bd6aa6,airplane.realty,available,109.99,299,high,low,8,namesilo,,,27/09/2026 04:01
64cd0d89-a2fd-40f4-82df-2f0dff8f30de,airplane.church,available,14.99,58.99,high,low,8,namesilo,,,27/09/2026 04:01
45c156ea-e9ba-4f15-9368-431b59b1cbb9,aviation.country,available,2298,2450,high,low,8,namecheap,,,17/09/2026 22:43
01f3b485-5190-4455-ae55-59380237d388,flight.solar,available,67.98,81.98,high,low,6,namecheap,,,24/09/2026 20:44
df975935-e657-4bc7-8363-5c1fefbdfe96,airplane.win,premium,448,53.92,high,low,8,namesilo,,,27/09/2026 04:01
86fdf84b-c63f-4544-a11c-9a53e7efc3a3,aircraft.city,available,7.25,28.49,high,low,8,namesilo,,,17/09/2026 23:03
1fe4b9e9-efe7-4dfa-acc0-c1a7b41d3282,flight.camera,available,58.99,58.99,high,low,6,namesilo,,,24/09/2026 20:44
cf3380b9-7d9f-4f75-be9f-dc3fd80b3001,aviation.agency,resell,,,high,low,8,Netregistry Wholesale Pty Ltd,22/07/2025 15:16,22/07/2027 15:16,26/09/2026 04:10
f7a80471-183b-4d6e-9bf7-21472df04a05,aircraft.exposed,available,22.98,28.98,high,low,8,namecheap,,,17/09/2026 23:03
49155a47-f66e-4328-abc3-7984b7de10e4,aircraft.forum,available,1.8,49.98,high,low,8,namecheap,,,17/09/2026 23:03
5557abc7-5009-4dcc-930a-cf4d97023fec,aviation.beer,available,2.19,32.49,high,low,8,namesilo,,,17/09/2026 22:43
7cda5185-106d-4ece-b0ea-3d79a45112e9,airplane.fast,premium,53.92,53.92,high,low,8,namesilo,,,27/09/2026 04:01
5671f7a2-3b60-4f2e-9d63-2aeefe8c70f4,airplane.video,premium,118.8,118.8,high,low,8,namesilo,,,27/09/2026 04:01
d7263fee-1949-425f-bd21-e2fa5afc5c71,airplane.schule,available,29.98,32.98,high,low,8,namecheap,,,27/09/2026 04:01
65534868-e1bd-468e-af93-e2bcb7fe45bd,flight.plumbing,available,72.99,72.99,high,low,6,namesilo,,,24/09/2026 20:44
79cf8258-e0e7-4c63-9335-7001adacf24c,flight.football,available,19.99,37.99,high,low,6,name.com,,,24/09/2026 20:44
28c7c4dc-fd2b-4624-a2b9-7cb9f81ffabe,aircraft.now,resell,,,high,low,8,Dynadot Inc,15/07/2025 23:28,15/07/2027 23:28,26/09/2026 01:27
0cfeba15-b9e9-4c40-887d-9c5751e8e5d2,flight.games,premium,64.35,128.7,high,low,6,namecheap,,,24/09/2026 20:44
6f9289ef-ea7d-4d32-9732-6a1d24a85383,airplane.school,available,38.48,49.98,high,low,8,namecheap,,,27/09/2026 04:01
4c672811-e0ce-4da5-bd35-210bf7d3df7f,airplane.contact,available,14.99,14.99,high,low,8,namesilo,,,27/09/2026 04:01
9b04ecd6-5c7f-41b3-82ce-7f8b73022ead,airplane.moda,available,43.98,45.98,high,low,8,namecheap,,,27/09/2026 04:01
43fe7415-03ca-47b8-a6ac-97bd9084856b,airplane.camera,available,58.99,58.99,high,low,8,namesilo,,,27/09/2026 04:01
317e711e-6dba-4949-9e50-83df2f57308b,aviation.soccer,available,25.99,25.99,high,low,8,namesilo,,,17/09/2026 22:43
79fa1700-7544-41fe-b690-7a4a4c48a203,aircraft.rip,available,23.49,23.49,high,low,8,namesilo,,,17/09/2026 23:03
db3092d1-189d-4e38-a01c-f433b0485bf4,airplane.diamonds,available,54.99,54.99,high,low,8,namesilo,,,27/09/2026 04:01
7225f280-368d-47a4-9a73-5f9767a56991,aviation.recipes,available,8.99,77.99,high,low,8,namesilo,,,17/09/2026 22:43
335030d9-79c6-4f89-b8ea-1b9ab92e8145,aircraft.graphics,available,31.99,33.99,high,low,8,name.com,,,17/09/2026 23:03
87445012-ac3c-4993-b893-5c189eb4e09e,aviation.ninja,available,11.98,42.98,high,low,8,namecheap,,,17/09/2026 22:43
d7cab4bd-1403-4085-b22d-7e699960447c,aviation.trade,resell,,,high,low,8,Porkbun,21/02/2021 08:17,21/02/2031 08:17,26/09/2026 04:10
0ac54bf7-219c-44ca-96e6-b3c7620d5558,flight.cam,premium,1950,18.2,high,low,6,namecheap,,,24/09/2026 20:44
b2e3956b-aaaa-4a20-ab92-7a01c909bd2e,aviation.attorney,premium,854,854,high,low,8,namesilo,,,17/09/2026 22:43
e17fc325-7bf8-4538-8284-98af4bafa39e,aircraft.international,available,12.99,31.49,high,low,8,namesilo,,,17/09/2026 23:03
03c7d72c-36a8-4bc6-89a8-b92dea10885d,aircraft.how,premium,48.75,48.75,high,low,8,name.com,,,17/09/2026 23:03
a4066813-522e-4025-8d2d-eadf2e7148ea,aviation.money,available,11.98,38.98,high,low,8,namecheap,,,17/09/2026 22:43
15356b94-fbf3-443d-8403-23ed129a9770,aviation.skin,available,1.99,17.29,high,low,8,namesilo,,,17/09/2026 22:43
048583c5-2839-4321-8582-8109adda7318,airplane.help,available,2.19,32.49,high,low,8,namesilo,,,27/09/2026 04:01
5bf02a83-1427-44d1-bd75-f267b9750df0,aircraft.kids,premium,62.5,22.5,high,low,8,name.com,,,17/09/2026 23:03
f3acac8c-4901-447c-9818-c9adb7d6c315,airplane.jetzt,available,24.48,30.48,high,low,8,namecheap,,,27/09/2026 04:01
a0db493e-c773-4a71-982f-342f97e5e4a3,flight.properties,available,18.99,39.99,high,low,6,namesilo,,,24/09/2026 20:44
b56b096f-8b0a-4e28-a29a-bab51dd69a6b,flight.cheap,resell,,,high,low,6,Vautron Rechenzentrum AG,29/07/2015 16:00,29/07/2027 16:00,26/09/2026 06:08
12525568-682b-4ba2-9e3c-3b525a41f0f8,flight.ac,available,34.99,47.99,high,low,6,namesilo,,,24/09/2026 20:44
02221f3f-349a-439d-9136-105726321f31,flight.adult,available,179.99,179.99,high,low,6,name.com,,,24/09/2026 20:44
e9253517-0f36-4e02-ad7e-1457bab932a9,airplane.systems,resell,,,high,low,8,united-domains GmbH,01/06/2024 08:46,01/06/2027 08:46,27/09/2026 04:01
c47c9bb2-e001-459f-8ec6-3abe548492bb,aviation.spot,premium,116,116,high,low,8,namesilo,,,17/09/2026 22:43
5522a95f-af80-4f78-83ba-dd4a81af137c,aircraft.esq,premium,115.7,115.7,high,low,8,namecheap,,,17/09/2026 23:03
5961a25f-f63c-498e-9d9d-8de811e8d30e,airplane.direct,available,17.99,41.99,high,low,8,namesilo,,,27/09/2026 04:01
b8408e48-742f-41f5-8ced-c9c3e7448129,aircraft.dog,available,7.49,64.99,high,low,8,namesilo,,,17/09/2026 23:03
c12ccf70-4afe-42f3-8a75-e227e260be74,airplane.juegos,available,368.98,478.98,high,low,8,namecheap,,,27/09/2026 04:01
149ac2c5-235e-4ade-bbbf-462239f192e7,aviation.movie,available,47.99,349.99,high,low,8,namesilo,,,17/09/2026 22:43
40a6e050-d491-44ab-9c40-e61d51287b46,aviation.wine,available,9.99,59.99,high,low,8,namesilo,,,17/09/2026 22:43
b9ec8511-6f17-4490-8e9f-21ba7dc931dd,airplane.broker,premium,6500,6500,high,low,8,namecheap,,,27/09/2026 04:01
50ed6517-ae72-4b6d-aa46-5d8753010bee,flight.loan,premium,625,81.25,high,low,6,name.com,,,24/09/2026 20:44
b871775e-4801-442d-a516-646b5e7f7b3d,airplane.cars,available,1999.99,2199,high,low,8,namesilo,,,27/09/2026 04:01
24a80cbd-0a90-45c7-b1ab-f77ca4d3c4ac,aviation.talk,premium,78,78,high,low,8,namecheap,,,17/09/2026 22:43
73366d63-0a5f-4331-8531-22a61fd0a4e3,airplane.financial,available,23.99,58.99,high,low,8,namesilo,,,27/09/2026 04:01
f081a433-7c7e-46aa-b1d2-072fc57c1a29,aircraft.llc,available,14.99,42.99,high,low,8,namesilo,,,17/09/2026 23:03
0eb1d34b-0fec-46bd-afdc-17e781f72852,aviation.vet,available,41.99,41.99,high,low,8,namesilo,,,17/09/2026 22:43
4733879c-4ee8-46c1-bd49-ed88afbfb946,aviation.technology,resell,,,high,low,8,Dynadot Inc,08/07/2015 16:00,08/07/2027 16:00,26/09/2026 04:10
d3c4d921-9efc-461f-ade9-4e26415e7f24,airplane.reviews,premium,118.8,118.8,high,low,8,namesilo,,,27/09/2026 04:01
72d14eff-d84f-4ae7-9aa1-312be87e13f9,airplane.sarl,available,6.99,6.99,high,low,8,namesilo,,,27/09/2026 04:01
3fd50702-d0e0-4227-bc21-bda421c7b12c,aviation.hockey,available,59.99,59.99,high,low,8,namesilo,,,17/09/2026 22:43
48cd2ba4-a6fb-402f-b379-d44d25f782d1,flight.mx,resell,,,high,low,6,GoDaddy.com,18/11/2010 00:00,17/11/2027 00:00,26/09/2026 06:08
b41cfe0d-c941-402e-9f26-88e197c947e9,aviation.bet,available,8.98,35.98,high,low,8,namecheap,,,17/09/2026 22:43
cdc4b4ec-a1d9-45f1-bc9f-d744e86e5f63,aircraft.spot,premium,116,116,high,low,8,namesilo,,,17/09/2026 23:03
32d258f5-90af-4cc1-9f70-745b25e64cb6,aircraft.pw,resell,,,high,low,8,"Chengdu West Dimension Digital Technology Co., Ltd.",15/11/2025 00:50,15/11/2026 23:59,26/09/2026 01:27
5efc87f4-3eb9-4136-9565-086b4ce512c6,aviation.barcelona,available,38.98,38.98,high,low,8,namecheap,,,17/09/2026 22:43
756f9dc2-156c-4ab8-8d6e-1aaea71e40a6,flight.mba,available,17.99,39.99,high,low,6,namesilo,,,24/09/2026 20:44
23260f5d-f358-4a40-a4da-77f9332b86dc,aircraft.ltda,available,34.99,34.99,high,low,8,namesilo,,,17/09/2026 23:03
e67d4f70-62e8-42b7-85a0-8842cca456bf,airplane.miami,premium,52,23.4,high,low,8,namecheap,,,27/09/2026 04:01
5e4d60a5-5d42-4519-85f8-2aa1506a1fcb,aviation.menu,available,27.99,27.99,high,low,8,namesilo,,,17/09/2026 22:43
b7eb55e2-4bfd-43e5-974a-389a3d4ba660,flight.press,premium,162.5,325,high,low,6,namecheap,,,24/09/2026 20:44
07e43995-748d-463c-af91-bd0b63b544fd,aviation.glass,available,72.99,72.99,high,low,8,namesilo,,,17/09/2026 22:43
9f88194b-59e2-409c-8a82-f6acd677d75c,flight.sale,premium,1995,1995,high,low,6,namesilo,,,24/09/2026 20:44
a20af8e8-0f93-4186-a584-643abca52295,flight.engineer,premium,71.4,71.4,high,low,6,namesilo,,,24/09/2026 20:44
851dbfae-928b-4dfd-93ea-5f5dd115af7f,flight.gratis,available,23.99,23.99,high,low,6,namesilo,,,24/09/2026 20:44
f8375de8-aef3-43d6-aa8d-cf0d91bb7027,aviation.game,available,309.99,429.99,high,low,8,namesilo,,,17/09/2026 22:43
4f693c29-8317-45dd-9451-f5c4b537ea81,aircraft.pub,available,39.99,39.99,high,low,8,namesilo,,,17/09/2026 23:03
83454d2a-05e2-4ce1-81c9-c1766c6054d5,airplane.shiksha,available,14.99,51.99,high,low,8,namesilo,,,27/09/2026 04:01
6bb30be9-8226-4330-b887-a9bf05799c30,aircraft.bz,available,21.98,26.98,high,low,8,namecheap,,,17/09/2026 23:03
b7f1ca4e-559e-4da4-9cbc-c317d2dffd1f,airplane.vacations,available,38.99,38.99,high,low,8,namesilo,,,27/09/2026 04:01
4c5f4eca-9156-47ba-8de3-b8d96b78fd0a,aviation.pink,available,14.49,25.99,high,low,8,namesilo,,,17/09/2026 22:43
9d8b5c7f-1a69-402a-9b3e-cb71e7261d19,aircraft.supplies,available,25.48,32.48,high,low,8,namecheap,,,17/09/2026 23:03
b3988d94-06c8-4bb6-b65d-368551776c70,airplane.tattoo,available,34.99,34.99,high,low,8,namesilo,,,27/09/2026 04:01
2d9ba1ff-b2b6-4c31-86a4-e47be0640e95,aviation.now,resell,,,high,low,8,"Spaceship, Inc.",17/07/2025 22:09,17/07/2027 22:09,26/09/2026 04:10
24040eeb-088d-4c0e-9862-c9eea7a9df76,aviation.cat,available,26.98,38.98,high,low,8,namecheap,,,17/09/2026 22:43
55ac0050-4876-4835-bc4a-d72df521c9b1,flight.coupons,premium,854,854,high,low,6,namesilo,,,24/09/2026 20:44
8f955c5f-05cb-434f-8a9d-b04dffbe41e0,flight.cleaning,available,75.49,75.49,high,low,6,namesilo,,,24/09/2026 20:44
082f31b5-c5f0-4277-89bd-23a77d14df94,aviation.exposed,available,22.49,22.49,high,low,8,namesilo,,,17/09/2026 22:43
d3d25ab0-d068-4aa0-879c-6aa267d91ff5,flight.audio,available,104.99,114.99,high,low,6,namesilo,,,24/09/2026 20:44
3c9be8b2-8591-4038-a997-e73ce7e92bd3,aircraft.contact,available,14.99,14.99,high,low,8,namesilo,,,17/09/2026 23:03
77c73974-2b94-43ac-9d06-c77d5bbe0bcc,aviation.protection,available,1999.99,2049.99,high,low,8,namesilo,,,17/09/2026 22:43
2de6deee-fe83-4ddc-971d-224489c54b3e,aircraft.kaufen,available,5.99,26.99,high,low,8,namesilo,,,17/09/2026 23:03
8a9dd15a-ea3d-43f2-bbfe-3a13a1e85ed0,aircraft.finance,resell,,,high,low,8,Dynadot Inc,12/06/2019 08:33,12/06/2027 08:33,26/09/2026 01:27
09f93b4c-0da8-4363-be2c-0fd828a0f43b,aircraft.science,premium,6900,116,high,low,8,namesilo,,,17/09/2026 23:03
d4cad381-6885-4937-b8ba-06caec188a6b,airplane.today,resell,,,high,low,8,"Name.com, Inc.",16/12/2016 03:30,16/12/2026 03:30,27/09/2026 04:01
708d2591-1086-45bb-a933-af7db7665c2c,flight.ninja,resell,,,high,low,6,Dynadot Inc,19/05/2014 17:19,19/05/2027 17:19,26/09/2026 06:08
dcae20b0-531e-4970-9fe0-15691a736476,airplane.wiki,available,2.99,32.49,high,low,8,namesilo,,,27/09/2026 04:01
fb8ec0f9-da8e-49f9-9ee7-9650b298d965,airplane.boo,premium,76.7,76.7,high,low,8,namecheap,,,27/09/2026 04:01
06dc91da-ee88-48b0-9667-c00186f25b70,airplane.science,premium,3450,116,high,low,8,namesilo,,,27/09/2026 04:01
20cc6c18-dd01-4ca3-b75d-5ff531028305,aircraft.repair,premium,520,520,high,low,8,namecheap,,,17/09/2026 23:03
edf0de39-dd65-4f1a-81ce-f1bd46a2fd5e,aviation.fan,available,57.98,68.98,high,low,8,namecheap,,,17/09/2026 22:43
23e627b0-c109-4f23-915a-db9ec26bf46a,aircraft.cc,resell,,,high,low,8,Xin Net Technology Corporation,30/04/2024 08:01,30/04/2028 08:01,26/09/2026 01:27
99e101ff-eb1b-4462-a0ad-103c5fee4fa6,airplane.organic,available,17.99,85.99,high,low,8,namesilo,,,27/09/2026 04:01
257ddf99-e0d6-47f4-8b11-3545d22b3802,aircraft.dentist,available,65.99,65.99,high,low,8,namesilo,,,17/09/2026 23:03
3c84381a-e1e2-48f9-a25e-b8b4b0046009,airplane.love,premium,302.5,302.5,high,low,8,namesilo,,,27/09/2026 04:01
d80fb6eb-38ee-4c0f-be37-0ef09c77b7ed,airplane.taxi,available,10.99,62.99,high,low,8,namesilo,,,27/09/2026 04:01
af18c850-492b-4e5f-a8af-38b49cc801f7,aviation.blackfriday,available,114.99,114.99,high,low,8,namesilo,,,17/09/2026 22:43
1c9b7094-c54c-49bd-b68e-ff272bda60ef,aviation.xyz,resell,,,high,low,8,"GoDaddy.com, LLC",02/06/2014 16:47,02/06/2027 23:59,26/09/2026 04:10
72c88c3e-92c6-4a61-b0d1-dd30b7931428,aviation.ooo,premium,83.29,23.59,high,low,8,namesilo,,,17/09/2026 22:43
ca538373-63c6-4d06-b3c2-d8d81f1e8432,airplane.business,available,19.49,19.49,high,low,8,namesilo,,,27/09/2026 04:01
fb32e87b-5432-42a3-bf4e-36c019930810,airplane.hot,premium,116,116,high,low,8,namesilo,,,27/09/2026 04:01
f0eeaebe-9f8f-4cb9-bb80-793d3c879ab2,aviation.ceo,premium,510.98,510.98,high,low,8,namesilo,,,17/09/2026 22:43
f17f8bf4-125d-478b-a4ad-64ef97b62a49,airplane.monster,available,1.99,17.29,high,low,8,namesilo,,,27/09/2026 04:01
45828369-289b-4014-85fb-f9b566b8ba71,airplane.onl,available,3.48,28.98,high,low,8,namecheap,,,27/09/2026 04:01
d0c26cc0-e060-4889-84a0-ef17609e0bfe,aircraft.condos,available,58.99,58.99,high,low,8,namesilo,,,17/09/2026 23:03
f2f3f0ab-2d9b-4fb9-9bcb-aa602302ec3d,airplane.city,available,7.25,28.49,high,low,8,namesilo,,,27/09/2026 04:01
7c46855f-2a7d-4945-85cb-e0fec74c16b8,flight.menu,available,27.99,27.99,high,low,6,namesilo,,,24/09/2026 20:44
c8effb75-7107-48e8-9c88-39af4d8625f4,aircraft.garden,available,2.19,32.49,high,low,8,namesilo,,,17/09/2026 23:03
098dac62-1b07-486e-b135-76a2ab16e5ff,aviation.salon,available,55.98,69.98,high,low,8,namecheap,,,17/09/2026 22:43
5fa7728c-420f-4c6b-a76a-4625d78a33f5,flight.rip,available,7.99,29.99,high,low,6,name.com,,,24/09/2026 20:44
4e3ba7da-19b6-4447-9239-0877f6bb22dc,aircraft.band,available,17.48,39.98,high,low,8,namecheap,,,17/09/2026 23:03
4bf0e6e5-5401-40f9-aa9d-62db21413d71,aircraft.diy,available,5.49,39.99,high,low,8,namesilo,,,17/09/2026 23:03
f5ce46c6-a0ee-4645-bad2-38fbf3d9d3b6,airplane.reisen,available,3.99,20.99,high,low,8,namesilo,,,27/09/2026 04:01
49a9e139-dbd5-4593-b80e-274baaaf52ab,flight.immo,available,34.99,34.99,high,low,6,namesilo,,,24/09/2026 20:44
c63d32f3-0944-4451-a7cf-eb3a6d8798ed,airplane.hockey,available,59.99,59.99,high,low,8,namesilo,,,27/09/2026 04:01
aa026761-8c24-4e16-86b9-b5d3a7b0bd6e,airplane.degree,available,52.99,52.99,high,low,8,namesilo,,,27/09/2026 04:01
9c3ed732-100d-4547-b9bf-c6dc577c45f2,flight.productions,available,14.99,52.99,high,low,6,name.com,,,24/09/2026 20:44
6d031118-25de-4a5b-8c60-b6292e15208b,flight.garden,available,1.98,43.98,high,low,6,namecheap,,,24/09/2026 20:44
01690837-233b-4581-b7e4-6ad35976ec33,aviation.ltda,premium,56.64,33.04,high,low,8,namesilo,,,17/09/2026 22:43
ba30539a-e5ce-4ba2-8ae3-41809f27c3ab,flight.jetzt,available,23.99,23.99,high,low,6,namesilo,,,24/09/2026 20:44
cf921066-67f5-4b2b-b96e-7a1beb2de729,airplane.network,available,7.99,34.99,high,low,8,namesilo,,,27/09/2026 04:01
670cd856-dd8c-4684-b022-0b2c4722560a,flight.vet,available,41.99,41.99,high,low,6,namesilo,,,24/09/2026 20:44
e8dfe5fc-a822-4ecb-9e4d-f35d7409915d,aviation.prof,premium,115.7,115.7,high,low,8,namecheap,,,17/09/2026 22:43
48ec3325-0d03-4e03-83ac-9d49e0ada4eb,aviation.science,premium,640,77.35,high,low,8,namesilo,,,17/09/2026 22:43
76ac3c5c-7be0-422e-a6be-a68c28006959,aircraft.nexus,premium,161.25,161.25,high,low,8,name.com,,,17/09/2026 23:03
34b6abad-7815-4658-b1c8-5bfab241b2ef,flight.bargains,premium,512,512,high,low,6,namesilo,,,24/09/2026 20:44
ab4ea793-8c2e-40d8-a024-ef77518426c8,flight.maison,available,57.99,57.99,high,low,6,namesilo,,,24/09/2026 20:44
f8583e1d-61ea-440d-a576-98e80ef40fbf,flight.restaurant,available,20.99,64.99,high,low,6,namesilo,,,24/09/2026 20:44
e6ec2e71-0d44-4f06-a1ce-79c49adfc63f,flight.expert,premium,512,512,high,low,6,namesilo,,,24/09/2026 20:44
25bc7d68-8ad0-4b57-9795-d57cd6fb744f,aircraft.sale,premium,242,242,high,low,8,namesilo,,,17/09/2026 23:03
9e0d47c8-1c94-4245-8bcd-abc190cee7be,flight.spot,premium,116,116,high,low,6,namesilo,,,24/09/2026 20:44
a0a910a4-fc60-443e-9356-89cbe6fe588a,airplane.porn,available,69.98,154.98,high,low,8,namecheap,,,27/09/2026 04:01
4a7b87b5-1f32-49e0-92fe-b0b3eae37122,flight.florist,available,32.99,32.99,high,low,6,namesilo,,,24/09/2026 20:44
33c4295d-09fa-40fc-b59e-ec4837bf7d6f,airplane.cool,available,9.49,44.99,high,low,8,namesilo,,,27/09/2026 04:01
b9b431dd-fb56-49ef-8b9d-64680076f5dd,airplane.shop,premium,3250,3250,high,low,8,namecheap,,,27/09/2026 04:01
289f1a5c-db2f-4baf-b1d3-b2e253c7b993,aircraft.soccer,available,25.99,25.99,high,low,8,namesilo,,,17/09/2026 23:03
aa79242f-3c22-46dd-a7dd-72f98996a004,flight.realty,available,109.99,299,high,low,6,namesilo,,,24/09/2026 20:44
dc78da5b-27ac-4597-a461-059f55502d79,airplane.cleaning,available,79.98,94.98,high,low,8,namecheap,,,27/09/2026 04:01
83f003a5-f683-4dc5-bc2e-09e994438f0a,aircraft.lease,resell,,,high,low,8,"GoDaddy.com, LLC",23/07/2014 17:56,23/07/2027 17:56,26/09/2026 01:27
4e5fec60-80b2-4dfd-9bdb-1391619db9fd,aviation.rehab,premium,242,242,high,low,8,namesilo,,,17/09/2026 22:43
a6bbd925-87bc-47fd-9720-b94f5e02c7e7,aviation.esq,resell,,,high,low,8,Squarespace Domains II LLC.,13/05/2023 13:57,13/05/2027 13:57,26/09/2026 04:10
b1f1c124-11e0-41ce-be7e-7b9e6eebb449,aviation.house,available,19.99,44.49,high,low,8,namesilo,,,17/09/2026 22:43
ea292d9f-4da3-4d04-96ae-024565517b26,aircraft.reviews,premium,118.8,118.8,high,low,8,namesilo,,,17/09/2026 23:03
71ff8f1c-eea0-4cdc-a363-e0ea8ec00361,flight.navy,available,41.99,41.99,high,low,6,namesilo,,,24/09/2026 20:44
7bfa3a1d-ddd4-464e-bc92-a1d8034ec475,airplane.community,available,45.99,45.99,high,low,8,namesilo,,,27/09/2026 04:01
1a0d18db-8963-4431-96b7-a5c53dfd4ac4,airplane.surf,available,1.98,43.98,high,low,8,namecheap,,,27/09/2026 04:01
651a34f9-d30d-49b6-8f38-607de5487d6f,aviation.codes,available,3.98,92.98,high,low,8,namecheap,,,17/09/2026 22:43
37f737f1-f78e-4cc3-9ec9-f9e687ba18f1,flight.eu,resell,,,high,low,6,"Name: NameSilo, LLC Website: https://www.namesilo.com",,,26/09/2026 06:08
2c76d0f4-6a9e-4cb0-a4c6-89dee01435ea,airplane.skin,available,1.99,17.29,high,low,8,namesilo,,,27/09/2026 04:01
9de024b8-8e32-4c43-86b5-d45b809d683d,aircraft.menu,available,27.99,27.99,high,low,8,namesilo,,,17/09/2026 23:03
3819f332-2db8-420f-8897-6bff58dd6dc7,aircraft.photo,premium,116,116,high,low,8,namesilo,,,17/09/2026 23:03
9852791a-6fe2-4929-abf4-a011852b36bc,flight.food,premium,640,640,high,low,6,namesilo,,,24/09/2026 20:44
bef01f62-8dd4-4242-9aff-4fe2fe3a7ecd,airplane.locker,premium,260,39,high,low,8,namecheap,,,27/09/2026 04:01
97bf167f-ab7f-42d5-b5ce-220a950256ba,aviation.sbs,premium,74.75,149.5,high,low,8,namecheap,,,17/09/2026 22:43
79a14f96-8636-4582-9101-54b224ba5c22,aircraft.tickets,available,393.98,608.98,high,low,8,namecheap,,,17/09/2026 23:03
44369bb7-32c8-4b58-aa43-a84f441740de,airplane.army,available,18.99,39.99,high,low,8,namesilo,,,27/09/2026 04:01
6a06edc8-8048-4608-b1f6-2f3058983063,aviation.racing,premium,116,116,high,low,8,namesilo,,,17/09/2026 22:43
3cae4b93-65ef-44f4-b70c-71de4417ccd5,airplane.coupons,available,2.98,59.98,high,low,8,namecheap,,,27/09/2026 04:01
1140a93d-f38e-4b1e-aecb-9f3925486428,aircraft.navy,available,43.98,45.98,high,low,8,namecheap,,,17/09/2026 23:03
7d35c3af-4170-40c9-a1f7-19100c9c9f02,airplane.country,available,2298,2450,high,low,8,namecheap,,,27/09/2026 04:01
acd7624f-6bb5-4a59-84f6-ddc5ab4e1e27,aircraft.ac,available,49.99,99,high,low,8,name.com,,,17/09/2026 23:03
7c1e44e3-8d42-4beb-b739-ff8d9268156e,flight.irish,available,5.98,31.98,high,low,6,namecheap,,,24/09/2026 20:44
19329824-c4df-4304-8d35-872fdb97b63c,flight.cool,available,9.49,44.99,high,low,6,namesilo,,,24/09/2026 20:44
a64edb26-c48e-4438-abd8-8ac6aaa197b4,aircraft.hospital,available,57.99,57.99,high,low,8,namesilo,,,17/09/2026 23:03
23bacd4c-6b59-4c3b-8f44-4ae46b7c3a86,flight.theater,available,65.99,65.99,high,low,6,namesilo,,,24/09/2026 20:44
f9445674-4add-4ac5-b1ad-0aee042bd645,airplane.bond,premium,68.43,147.2,high,low,8,namesilo,,,27/09/2026 04:01
67bd9c02-b1e7-42ed-bd41-e42e7af8b4ed,aircraft.bayern,available,34.99,34.99,high,low,8,namesilo,,,17/09/2026 23:03
2915fcff-e01e-44e3-980f-f7c6b47407d5,aircraft.ai,resell,,,high,low,8,Porkbun LLC,16/12/2017 02:33,28/01/2027 02:33,26/09/2026 01:27
72e2416f-ef46-49ff-828f-e4775e8fa293,aircraft.kim,available,14.99,27.99,high,low,8,name.com,,,17/09/2026 23:03
0349d78b-b286-4945-9dbc-294308cc6fe2,aircraft.biz,resell,,,high,low,8,"GoDaddy.com, LLC",11/06/2010 17:00,10/06/2027 23:59,26/09/2026 01:27
0b2e1a86-561b-4eed-89a0-fed3bf19ad23,aircraft.vote,available,34.99,90.99,high,low,8,namesilo,,,17/09/2026 23:03
3d2dba1d-a8b2-4b08-9c1f-b612299d35e5,flight.bayern,available,47.99,50.99,high,low,6,name.com,,,24/09/2026 20:44
eeed4d84-3b5d-47a0-a7eb-8a6c6bc60a03,aviation.deals,available,40.98,51.98,high,low,8,namecheap,,,17/09/2026 22:43
0ce39acc-600f-4519-a617-190a2679b58a,aircraft.mov,premium,167.7,167.7,high,low,8,namecheap,,,17/09/2026 23:03
da58b6d2-baa5-411a-952d-8d90d3a57c5e,aircraft.cruises,available,56.99,56.99,high,low,8,namesilo,,,17/09/2026 23:03
0263df4f-efe6-48a6-a06e-614997ac044c,aviation.plumbing,available,72.99,72.99,high,low,8,namesilo,,,17/09/2026 22:43
75eb89e4-8a5e-4a90-9aed-7e407fb1a52c,airplane.toys,premium,118.8,118.8,high,low,8,namesilo,,,27/09/2026 04:01
36f26227-1535-400d-9427-2952c284e508,aircraft.dance,available,16.99,27.49,high,low,8,namesilo,,,17/09/2026 23:03
2d6f02a8-2946-42c4-a5fb-cfa099705124,aviation.online,premium,1107,1107,high,low,8,namesilo,,,17/09/2026 22:43
db65c9f9-1b86-48fd-941d-3ccf2521c0ae,aviation.luxe,available,19.49,19.49,high,low,8,namesilo,,,17/09/2026 22:43
f6b86573-ff24-483d-bab6-851ab1eab4a4,airplane.soy,available,28.98,39.98,high,low,8,namecheap,,,27/09/2026 04:01
6aea2bf1-4c70-4e48-b67d-71b2114e78ce,aircraft.love,resell,,,high,low,8,"Chengdu West Dimension Digital Technology Co., LTD",19/08/2026 05:54,19/08/2027 05:54,26/09/2026 01:27
58f1d186-265e-4a1a-9ad7-e221807b56fc,flight.exposed,premium,128.7,128.7,high,low,6,namecheap,,,24/09/2026 20:44
d8f8d5f2-c39e-4c10-8310-49fac6715589,aviation.accountant,premium,640,77.35,high,low,8,namesilo,,,17/09/2026 22:43
2daa8b9b-ae5a-4d1f-9263-4f31ddb8a5a0,aircraft.coupons,available,2.98,59.98,high,low,8,namecheap,,,17/09/2026 23:03
de8e8d37-5850-4b60-bd50-3a84f2a8f420,airplane.kitchen,available,10.99,64.99,high,low,8,namesilo,,,27/09/2026 06:34
a22a663e-8b8a-4e8b-b9bc-aa494a24e5a3,airplane.actor,available,16.99,44.49,high,low,8,namesilo,,,27/09/2026 04:01
c0393fd1-d1a7-4568-97c8-74a0d3671571,flight.lawyer,available,62.99,62.99,high,low,6,namesilo,,,24/09/2026 20:44
81ffc7d8-6025-48d4-ac5b-ccf489cd5393,airplane.rest,available,2.19,28.99,high,low,8,namesilo,,,27/09/2026 04:01
63e8fd39-6715-484e-aa67-eb133fee957b,airplane.sale,premium,118.8,118.8,high,low,8,namesilo,,,27/09/2026 04:01
905d176b-951f-47b2-bda6-1f3468daa781,aviation.giving,available,7.48,35.98,high,low,8,namecheap,,,17/09/2026 22:43
9f7f5936-bfc9-40f1-995f-0a37f2a3fc45,aircraft.fitness,available,8.99,41.99,high,low,8,namesilo,,,17/09/2026 23:03
101587c8-b98b-45c5-88f5-9fb4c875f572,flight.mortgage,available,65.98,76.98,high,low,6,namecheap,,,24/09/2026 20:44
fdf5439f-21d9-451b-a000-4ff7656160cf,aircraft.diet,available,104.99,114.99,high,low,8,namesilo,,,17/09/2026 23:03
b92e3cee-812b-4c75-8186-3b5b12aebd2f,aviation.bid,available,5.25,6.25,high,low,8,namesilo,,,17/09/2026 22:43
c8e4456f-004a-41fb-96f0-ad4f5166c987,flight.ai,resell,,,high,low,6,101domain GRS Limited,16/12/2017 02:57,28/01/2028 02:57,26/09/2026 06:08
c04961bf-5334-4a09-a91c-616dfbea3a23,flight.shopping,resell,,,high,low,6,Porkbun LLC,21/09/2025 17:22,21/09/2027 17:22,26/09/2026 06:08
68905dc5-ca9a-462e-8042-0d37d7f5b592,aircraft.day,premium,76.7,76.7,high,low,8,namecheap,,,17/09/2026 23:03
2e6f963d-8a82-4303-8b14-8f316ac110cf,flight.llc,premium,2660,2660,high,low,6,namesilo,,,24/09/2026 20:44
b5fb6007-6c3b-41b1-b538-c27da8541e6e,aviation.moi,available,25.99,25.99,high,low,8,namesilo,,,17/09/2026 22:43
252eba90-c958-488a-a362-53da2a8b3c67,airplane.clinic,available,20.99,64.99,high,low,8,namesilo,,,27/09/2026 04:01
16d7232b-2b34-4aab-8ee8-459758e4c1a5,airplane.mobile,premium,390,390,high,low,8,namecheap,,,27/09/2026 04:01
d969428f-0b15-4480-8714-25e85e2a1c36,flight.reise,available,27.89,97.99,high,low,6,namesilo,,,24/09/2026 20:44
2c573cf2-c70b-4cc0-a83c-d496139e82b8,airplane.host,resell,4.99,109.99,high,low,8,namesilo,,,27/09/2026 04:01
2387f067-783f-42c1-950c-d4ae367aeef4,aircraft.productions,available,10.99,40.49,high,low,8,namesilo,,,17/09/2026 23:03
01e41cd1-3619-4652-b07a-6a16039c9d44,aviation.fitness,available,8.99,41.99,high,low,8,namesilo,,,17/09/2026 22:43
bd2e38b8-e97b-4790-949f-591344827dfa,flight.voto,available,19.99,102.99,high,low,6,name.com,,,24/09/2026 20:44
cce0c037-ef62-47c2-bf2e-d711d2353602,aircraft.pizza,available,17.99,64.99,high,low,8,namesilo,,,17/09/2026 23:03
e0752681-7959-4757-b6d8-7f178e6c876d,airplane.fans,premium,116,116,high,low,8,namesilo,,,27/09/2026 04:01
c8c962fb-070b-4265-878c-98e4c4c376a2,airplane.info,resell,,,high,low,8,"GoDaddy.com, LLC",13/07/2002 19:26,13/07/2027 19:26,27/09/2026 04:01
73ad4e88-c3ef-4920-aa12-985654650550,airplane.day,premium,76.7,76.7,high,low,8,namecheap,,,27/09/2026 04:01
86f507eb-c8bc-48b4-adcf-3f02cd25fb61,airplane.moe,available,13.99,13.99,high,low,8,namesilo,,,27/09/2026 04:01
c7869fc8-16e6-4309-bd7d-139ab991dc8c,aircraft.music,premium,193.7,48.1,high,low,8,namecheap,,,17/09/2026 23:03
a6fda947-80fb-4f48-9309-74265d1ec6d2,aircraft.business,premium,15.34,15.34,high,low,8,namesilo,,,17/09/2026 23:03
ce267fda-f230-45fb-88c3-c9c053d60958,aircraft.stream,premium,448,53.92,high,low,8,namesilo,,,17/09/2026 23:03
cfa2d249-960f-4f2c-9140-bd781dd569e7,flight.chat,resell,,,high,low,6,Dynadot Inc,22/01/2025 09:03,22/01/2028 09:03,26/09/2026 06:08
5003cc83-2f69-42fc-9f54-c59410b1facf,aviation.black,available,27.99,64.99,high,low,8,namesilo,,,17/09/2026 22:43
1b9693da-8a32-4de3-b59c-dbacac9c4fe2,aircraft.tienda,available,59.99,59.99,high,low,8,namesilo,,,17/09/2026 23:03
2f954d61-ba11-44f0-b91a-ff9b43878937,flight.ventures,available,20.99,59.99,high,low,6,namesilo,,,24/09/2026 20:44
43d0201a-f776-483f-aaae-27158bfd0b30,aircraft.town,available,9.99,48.99,high,low,8,name.com,,,17/09/2026 23:03
d1cf161c-b483-4e1f-82fb-77206992f98d,airplane.condos,available,58.99,58.99,high,low,8,namesilo,,,27/09/2026 04:01
beaf7f4a-9769-473c-b91f-b310b19c19d4,flight.rodeo,premium,96,11.8,high,low,6,namesilo,,,24/09/2026 20:44
24cef8d3-3d57-4068-80f5-b1afe6898a2a,aviation.football,available,26.98,36.98,high,low,8,namecheap,,,17/09/2026 22:43
447ec5dc-659b-4426-8d94-ef385b09df9c,airplane.hair,available,1.99,17.29,high,low,8,namesilo,,,27/09/2026 04:01
bf68d6a5-285a-431b-a8f1-026dd7298ad5,flight.life,resell,,,high,low,6,Squarespace Domains II LLC,03/12/2024 15:15,03/12/2026 15:15,26/09/2026 06:08
b674a9ee-444c-4375-aebb-d98c98b51cad,aviation.solar,available,64.99,64.99,high,low,8,namesilo,,,17/09/2026 22:43
c75d4c9f-d4e7-401f-970d-dd4cabf85d2b,airplane.tax,available,8.98,85.98,high,low,8,namecheap,,,27/09/2026 04:01
b4522c1e-8053-4021-84f8-aad1ca4652ea,aviation.surgery,available,54.99,54.99,high,low,8,namesilo,,,17/09/2026 22:43
033826de-5975-4032-9584-82a2241f4b2c,airplane.ventures,available,20.99,59.99,high,low,8,namesilo,,,27/09/2026 04:01
c97987f0-bba6-4425-b6e0-2cd1ccd4700b,aircraft.blackfriday,available,128.98,134.98,high,low,8,namecheap,,,17/09/2026 23:03
816381a6-76a3-41ed-a1af-a3cc538ec789,aircraft.limited,available,37.98,39.98,high,low,8,namecheap,,,17/09/2026 23:03
796227a3-c559-4255-b6f6-ff77470e1dbb,aircraft.desi,available,19.98,22.98,high,low,8,namecheap,,,17/09/2026 23:03
c27eab90-1c64-4ae0-88a3-bab024da9605,aviation.bio,resell,,,high,low,8,Dynadot Inc,17/05/2026 06:14,17/05/2027 06:14,26/09/2026 04:10
19c7c28e-913c-4b36-97e1-a89877aaa355,aircraft.online,premium,1107,1107,high,low,8,namesilo,,,17/09/2026 23:03
c46eaf9d-b037-4bcf-a35c-29bfe2f101d9,aircraft.download,premium,455,65,high,low,8,namecheap,,,17/09/2026 23:03
36cfe961-481b-44bf-be2a-8da9e4c47e5f,aviation.uno,premium,650,650,high,low,8,namecheap,,,17/09/2026 22:43
bb004c1b-abd3-4400-bb16-b0e0c9714ee0,aircraft.gift,available,14.99,14.99,high,low,8,namesilo,,,17/09/2026 23:03
24a9a85e-9b44-446c-afee-2a7437313179,airplane.management,available,25.99,25.99,high,low,8,namesilo,,,27/09/2026 04:01
19ea7bee-6757-4c68-b363-ed62c4b2ee99,aviation.buzz,premium,116,53.92,high,low,8,namesilo,,,17/09/2026 22:43
4253661a-cf6e-4be0-a776-89c74dca01b1,aviation.vote,available,34.99,90.99,high,low,8,namesilo,,,17/09/2026 22:43
4afe165f-88dd-4f26-80b3-d83684f63f7d,flight.supplies,available,24.99,24.99,high,low,6,namesilo,,,24/09/2026 20:44
298c2174-4c54-4b9b-b6f6-f55313b5b2d2,flight.gmbh,available,45.99,45.99,high,low,6,namesilo,,,24/09/2026 20:44
ec01bfbc-2fec-4879-9543-bc897226e7c0,airplane.boston,available,23.49,23.49,high,low,8,namesilo,,,27/09/2026 04:01
2db4eb53-9c98-435b-b393-5fd1df1c4860,aircraft.family,available,39.99,39.99,high,low,8,namesilo,,,17/09/2026 23:03
48827404-544b-457c-83d6-e1adb2d80771,aircraft.surgery,available,54.99,54.99,high,low,8,namesilo,,,17/09/2026 23:03
a371f76a-085c-4b6b-9621-c3bc4d8099f8,airplane.cv,premium,1339.98,8.85,high,low,8,namesilo,,,27/09/2026 04:01
ce57ddcd-f52e-488b-81d2-c186671f22c9,aviation.wedding,available,32.49,32.49,high,low,8,namesilo,,,17/09/2026 22:43
0fa8b1d9-f226-455f-9eaf-397fb04be7ef,airplane.buzz,premium,130,65,high,low,8,namecheap,,,27/09/2026 04:01
b86d47be-a8f2-49d5-a82f-72b0c152e2d1,aircraft.rodeo,available,13.98,17.98,high,low,8,namecheap,,,17/09/2026 23:03
b79d09c8-4a12-4bd5-b42a-5ae5d061e79e,flight.futbol,available,7.49,17.99,high,low,6,namesilo,,,24/09/2026 20:44
09ae662d-419a-42fe-b0e1-b9ff5be230c3,airplane.productions,available,10.99,40.49,high,low,8,namesilo,,,27/09/2026 04:01
7f7acc73-2928-4d86-9cc1-cb191b3b918e,aircraft.school,available,36.49,36.49,high,low,8,namesilo,,,17/09/2026 23:03
5e9e49ae-dfaa-4a8d-8e8d-3419b1808554,airplane.phd,premium,115.7,115.7,high,low,8,namecheap,,,27/09/2026 04:01
e4cf31e0-291e-4cef-b824-dadf5774df2e,flight.blackfriday,available,299.99,299.99,high,low,6,name.com,,,24/09/2026 20:44
cc8b171f-a16a-459b-b12d-f35a41ed73da,aircraft.store,premium,1107,1107,high,low,8,namesilo,,,17/09/2026 23:03
4a8167eb-da19-4e78-b01b-e20249566e31,airplane.trade,resell,,,high,low,8,"Spaceship, Inc.",04/12/2019 16:34,04/12/2026 16:34,27/09/2026 04:01
b5555a27-b8e1-41e8-8ae1-6e767fd07eae,aircraft.phd,premium,115.7,115.7,high,low,8,namecheap,,,17/09/2026 23:03
98a1501a-2447-4f78-b5a6-30ebf74756fe,aviation.dentist,available,63.98,81.98,high,low,8,namecheap,,,17/09/2026 22:43
3855e151-3e5d-4a54-be15-81e45ed596e0,airplane.vet,available,41.99,41.99,high,low,8,namesilo,,,27/09/2026 04:01
eefb8da9-016c-4158-a1f8-d04723c0f534,flight.moe,premium,302.5,14.16,high,low,6,namesilo,,,24/09/2026 20:44
355d3c0a-6ba2-427e-b44d-e535d1b275b1,aircraft.wedding,available,32.49,32.49,high,low,8,namesilo,,,17/09/2026 23:03
ec2b2cc4-d5b3-4d8f-8526-760b86387081,aircraft.cloud,resell,,,high,low,8,GoDaddy,17/02/2016 13:02,17/02/2027 13:02,26/09/2026 01:27
9a602f75-bd66-4656-8626-e29ef7a60e74,aviation.kaufen,available,5.99,26.99,high,low,8,namesilo,,,17/09/2026 22:43
50070f9b-3735-4c88-80c7-e2503ed40736,aviation.tube,resell,,,high,low,8,"GoDaddy.com, LLC",06/04/2019 17:32,06/04/2027 17:32,26/09/2026 04:10
3c076142-8e34-427f-ae65-e5c3b10dbb5f,airplane.repair,premium,242,242,high,low,8,namesilo,,,27/09/2026 04:01
bdb6d778-9a19-4af3-9176-1a61cfc52ace,aviation.stream,premium,650,84.5,high,low,8,namecheap,,,17/09/2026 22:43
a129153d-a7f5-44d8-925c-99ba346bc0a7,aviation.observer,premium,32.5,32.5,high,low,8,namecheap,,,17/09/2026 22:43
96865e28-b374-4554-ae06-ce334c2e6cda,aircraft.mortgage,available,62.99,62.99,high,low,8,namesilo,,,17/09/2026 23:03
80db1239-3df6-45b5-a90d-b0ba247f0d93,airplane.software,available,20.99,41.99,high,low,8,namesilo,,,27/09/2026 04:01
0e62ed5e-5aad-4626-804a-26e21ffcc9c4,aircraft.clothing,available,32.99,32.99,high,low,8,namesilo,,,17/09/2026 23:03
26318375-0670-4f53-a032-dc7a231de392,aircraft.tattoo,available,34.99,34.99,high,low,8,namesilo,,,17/09/2026 23:03
7088554a-3765-41b3-8457-c0cecfca72c6,airplane.contractors,available,35.49,35.49,high,low,8,namesilo,,,27/09/2026 04:01
6812808a-bfee-4345-9b01-96af93731178,airplane.creditcard,available,156.98,168.98,high,low,8,namecheap,,,27/09/2026 04:01
b9a5096f-48fe-472e-b758-f7e6ff475a6b,aircraft.site,premium,1107,1107,high,low,8,namesilo,,,17/09/2026 23:03
c5e8cd9e-7b18-49e3-a47f-209f09dc0274,aviation.press,premium,162.5,325,high,low,8,namecheap,,,17/09/2026 22:43
65e38892-ebe9-4751-ba32-5c893651043b,aviation.nexus,premium,167.7,167.7,high,low,8,namecheap,,,17/09/2026 22:43
84a62056-7e87-48f9-b66a-2898066bd862,aircraft.financial,available,17.48,66.98,high,low,8,namecheap,,,17/09/2026 23:03
76b97940-693b-4149-98cc-22d865683fbe,flight.hockey,available,62.98,72.98,high,low,6,namecheap,,,24/09/2026 20:44
85b2ff8b-2b6b-4aa1-ac5b-16d890d33007,aircraft.accountants,available,117.99,117.99,high,low,8,namesilo,,,17/09/2026 23:03
adc8ef2c-9bd3-4351-9b41-7c436d48f139,aircraft.global,available,34.98,127.98,high,low,8,namecheap,,,17/09/2026 23:03
77e05c5a-916a-4b47-9e3e-77bcfdbc5bde,flight.srl,premium,57.5,32.5,high,low,6,name.com,,,24/09/2026 20:44
7791a911-a738-4d7d-9934-173fa6bf3e27,aircraft.xyz,resell,,,high,low,8,"GoDaddy.com, LLC",02/06/2014 16:34,02/06/2027 23:59,26/09/2026 01:27
8b1c183c-dfe1-40e7-bc71-e9f1336d0c56,aviation.sale,premium,118.8,118.8,high,low,8,namesilo,,,17/09/2026 22:43
db25fe0c-3b90-4c89-8f8c-41ea65b32f1c,aviation.dealer,premium,2015,2600,high,low,8,namecheap,,,17/09/2026 22:43
e831fa31-d5ff-48f4-901c-0a3c7b5ce1bc,aviation.rodeo,available,12.99,12.99,high,low,8,namesilo,,,17/09/2026 22:43
6e638089-0ba8-4729-b4c0-b91e1f7be9b7,aircraft.build,premium,625,625,high,low,8,name.com,,,17/09/2026 23:03
8fdc7696-4ed2-458c-9d08-ade53d72c1fe,airplane.blue,available,19.99,24.99,high,low,8,namesilo,,,27/09/2026 04:01
0808e886-4a47-4456-88cb-5d0c41749348,flight.protection,available,1999.99,2049.99,high,low,6,namesilo,,,24/09/2026 20:44
49aa8919-4fa1-4e54-ac86-62283171ba7b,aviation.theatre,available,509.99,529.99,high,low,8,namesilo,,,17/09/2026 22:43
81dc3dbe-9302-4b7e-af8c-66a412f42658,airplane.cricket,premium,455,65,high,low,8,namecheap,,,27/09/2026 04:01
e78c1d0f-9f55-4d0b-abe2-8911c90db904,airplane.soccer,available,27.48,29.48,high,low,8,namecheap,,,27/09/2026 04:01
b94395f4-ce58-4347-9cd8-e4ac96b50b02,flight.webcam,available,34.99,37.99,high,low,6,name.com,,,24/09/2026 20:44
7431f722-d03c-4125-a78d-d4952b5bbff0,aviation.webcam,premium,6900,116,high,low,8,namesilo,,,17/09/2026 22:43
fa770dc9-8311-476a-befa-e264394a7918,aircraft.taxi,available,8.98,69.98,high,low,8,namecheap,,,17/09/2026 23:03
947cae10-2b35-41bc-b4b6-fc10dc49e7f9,aviation.mobile,premium,780,780,high,low,8,namecheap,,,17/09/2026 22:43
5588fc12-059d-4863-89ee-4c4f341610b9,flight.rich,available,94.99,1999,high,low,6,namesilo,,,24/09/2026 20:44
c8ba789d-a35e-43a6-85cb-8a90dcc21821,flight.page,premium,1278.72,1278.72,high,low,6,namesilo,,,24/09/2026 20:44
b14aefa1-3df0-4234-90e0-6a42dd290c21,airplane.place,available,22.49,22.49,high,low,8,namesilo,,,27/09/2026 04:01
d5d18a41-cbb7-49ab-8a57-97a6cdc1c5d9,airplane.kim,available,12.99,23.49,high,low,8,namesilo,,,27/09/2026 04:01
a1adc2ab-ad25-4bba-81d6-2a3adfa22f61,aviation.realty,available,109.99,299,high,low,8,namesilo,,,17/09/2026 22:43
d52f55bb-d67f-46bd-bc0b-918c544c08b0,aviation.bayern,available,34.99,34.99,high,low,8,namesilo,,,17/09/2026 22:43
fabb1dce-0d95-4fc0-8e81-f9e546e1ab39,airplane.restaurant,available,20.99,64.99,high,low,8,namesilo,,,27/09/2026 04:01
6d565daf-ba94-4715-98ba-191bdee74755,flight.moi,available,25.99,25.99,high,low,6,namesilo,,,24/09/2026 20:44
3561eb7e-412e-4cc7-ab68-3aad9daa7b46,aircraft.clinic,available,19.99,84.99,high,low,8,name.com,,,17/09/2026 23:03
ecb38f8e-fd0d-43b8-8ce8-7375f01ca0c9,aircraft.toys,available,14.98,82.48,high,low,8,namecheap,,,17/09/2026 23:03
4e6306ee-6460-4b0a-9aac-65a949c87d1a,flight.apartments,available,57.99,57.99,high,low,6,namesilo,,,24/09/2026 20:44
b532aa18-7fed-497e-a634-fe74295b451f,aviation.creditcard,available,144.99,144.99,high,low,8,namesilo,,,17/09/2026 22:43
2be25333-7e83-4ffe-846a-3bffdd4b6e70,aviation.srl,premium,54.28,30.68,high,low,8,namesilo,,,17/09/2026 22:43
fed71b07-4334-40e1-a57f-6c3b518890b0,flight.photo,premium,116,116,high,low,6,namesilo,,,24/09/2026 20:44
e8cf8003-3fc5-4adf-90de-7ab91779171a,flight.school,premium,512,512,high,low,6,namesilo,,,24/09/2026 20:44
95bbe822-a12a-442a-b726-55adf1daba5f,aircraft.today,resell,,,high,low,8,Porkbun LLC,10/06/2026 18:44,10/06/2027 18:44,26/09/2026 01:27
61b2cf3d-4c91-4bc4-8243-b3383c18f0bd,aviation.bike,available,12.99,38.99,high,low,8,namesilo,,,17/09/2026 22:43
226a0893-0e86-4210-83fe-a7c547a5ed11,airplane.vana,available,2298,2498,high,low,8,namecheap,,,27/09/2026 04:01
6d23df17-64db-44b9-995b-4b3858bae778,airplane.cfd,premium,68.43,147.2,high,low,8,namesilo,,,27/09/2026 04:01
f7d24286-3b52-4c18-ab40-a36f84b0c8a9,aircraft.green,available,14.99,79.99,high,low,8,namesilo,,,17/09/2026 23:03
b2283df8-ea3d-4c47-bdb9-de16edd45751,airplane.theatre,available,509.99,529.99,high,low,8,namesilo,,,27/09/2026 04:01
4c7b3190-f0a7-4a8d-a680-29cae9a38a45,airplane.loans,available,20.99,116.99,high,low,8,namesilo,,,27/09/2026 04:01
7d7cd671-e8c1-4912-9093-7e5faa6c6ddc,flight.events,available,15.99,45.99,high,low,6,namesilo,,,24/09/2026 20:44
3c4a06c3-c9f2-4fc0-b2f2-882660ba49d3,aviation.lease,premium,128.7,128.7,high,low,8,namecheap,,,17/09/2026 22:43
624d97bb-0af1-45d2-b977-bfa1b0b59b15,aircraft.one,premium,640,640,high,low,8,namesilo,,,17/09/2026 23:03
0bbaac61-23ca-4a66-a403-8be0f160e7cd,aircraft.construction,available,15.99,50.99,high,low,8,name.com,,,17/09/2026 23:03
5ec8f3ad-b1d6-4b7c-abb0-2286807966ab,airplane.hiv,available,195.99,195.99,high,low,8,namesilo,,,27/09/2026 04:01
d66ae837-6ed1-44d1-9205-4905439fde4c,airplane.dental,available,78.99,78.99,high,low,8,namesilo,,,27/09/2026 04:01
d5642776-968d-4e72-9d5b-851db0385212,aircraft.film,available,65.99,65.99,high,low,8,namesilo,,,17/09/2026 23:03
4a7881dc-7345-4be6-a437-9afca5097f65,airplane.protection,available,1999.99,2049.99,high,low,8,namesilo,,,27/09/2026 04:01
e09345d6-49eb-4892-aceb-cf60b1f5cb82,aircraft.ski,available,76.98,82.98,high,low,8,namecheap,,,17/09/2026 23:03
df05a454-77e7-4d86-9138-a59c8e15430b,airplane.bio,available,5.98,84.98,high,low,8,namecheap,,,27/09/2026 04:01
40dbe179-9c6b-4223-8da3-c19a6a3fcfdb,flight.gg,resell,,,high,low,6,"humbly, LLC (http://park.io)",,,26/09/2026 06:08
ff10c236-5129-4bfe-9c93-74c5557d9280,flight.stream,premium,625,81.25,high,low,6,name.com,,,24/09/2026 20:44
83be95f7-8e66-49ee-ad9e-16ad3cbeb77e,airplane.voyage,available,58.99,58.99,high,low,8,namesilo,,,27/09/2026 04:01
efc272c1-9b4d-44dc-8af7-35bd81f2667f,flight.faith,premium,130,32.5,high,low,6,namecheap,,,24/09/2026 20:44
9c08a047-b3d1-442c-ac8e-526382fa5920,airplane.dad,premium,76.7,76.7,high,low,8,namecheap,,,27/09/2026 04:01
0f07ad8e-360d-42e3-8662-7ebc6e94c181,flight.toys,available,17.99,64.99,high,low,6,namesilo,,,24/09/2026 20:44
f5d06151-b080-489b-9605-de957ccc3c20,flight.diamonds,available,75.99,75.99,high,low,6,name.com,,,24/09/2026 20:44
728a3f96-2756-42a9-a688-9190446e198c,aviation.security,available,1999.99,2049.99,high,low,8,namesilo,,,17/09/2026 22:43
7c184fce-b7e0-4611-8562-f26a2a2a9bbe,aviation.kids,premium,384,21.24,high,low,8,namesilo,,,17/09/2026 22:43
cf9153ce-b51f-449d-8b8d-ada605bedf32,aviation.health,resell,,,high,low,8,"Spaceship, Inc.",29/04/2026 18:22,29/04/2027 18:22,26/09/2026 04:10
54f3e531-e6ff-47a9-b4f5-511211a14dde,aviation.channel,premium,76.7,76.7,high,low,8,namecheap,,,17/09/2026 22:43
26e2fb0c-8972-41f2-92f4-3df3a855926d,aircraft.tennis,available,65.99,65.99,high,low,8,namesilo,,,17/09/2026 23:03
c0f2792b-c185-4b26-9b3c-e614748f112e,airplane.esq,premium,115.7,115.7,high,low,8,namecheap,,,27/09/2026 04:01
23548f1a-4e11-4a77-86c1-c3d8225a7b09,aviation.to,resell,,,high,low,8,NAMECHEAP,25/03/2024 20:07,25/03/2027 20:07,26/09/2026 04:10
4995f2fb-0e03-43f8-b055-889bd3ca3918,flight.tires,available,5.99,78.99,high,low,6,namesilo,,,24/09/2026 20:44
967b9a61-4676-4d7b-a506-270eca3deb76,airplane.gay,available,38.99,38.99,high,low,8,namesilo,,,27/09/2026 04:01
bc942c9f-eb4e-4d0e-9a45-d6f010856c7f,air.holiday,resell,,,high,medium,3,Porkbun LLC,22/09/2023 15:15,22/09/2027 15:15,26/09/2026 01:27
0464a744-c664-49d8-b389-412717ef120f,flight.website,premium,3125,6250,high,low,6,name.com,,,24/09/2026 20:44
8eef7580-2f0f-4b56-8e3c-83bf4267ad95,aviation.study,premium,1107,1107,high,low,8,namesilo,,,17/09/2026 22:43
6219129f-e281-44e1-baf3-cca270459d1b,airplane.estate,available,15.99,38.99,high,low,8,namesilo,,,27/09/2026 04:01
5f33ed83-6cc9-415d-96fe-ecef65a86273,aircraft.farm,available,15.99,38.99,high,low,8,namesilo,,,17/09/2026 23:03
9d208721-5360-4be0-abd3-549bc61b5dae,airplane.horse,available,32.49,32.49,high,low,8,namesilo,,,27/09/2026 04:01
cce46a69-3861-420e-8127-7326aa4b4e5a,aviation.shiksha,premium,780,780,high,low,8,namecheap,,,17/09/2026 22:43
2eae36eb-8f20-42d2-ad7c-292cb9a1a7bc,aircraft.sexy,available,2749.99,2749.99,high,low,8,namesilo,,,17/09/2026 23:03
7eb66643-863e-4519-990a-0c768b5fea8c,aircraft.gold,available,7.98,130.98,high,low,8,namecheap,,,17/09/2026 23:03
6e6853d6-aa50-47b8-85d7-d0ac7f26eaee,airplane.navy,available,41.99,41.99,high,low,8,namesilo,,,27/09/2026 04:01
fd586712-e7a8-4cbe-bed3-10a27ffb6da3,flight.xxx,resell,154.98,,high,low,6,"GoDaddy.com, LLC",12/06/2026 14:10,12/06/2027 14:10,26/09/2026 06:08
4bdbf76f-9e64-4b63-9ec4-850d9c56151a,airplane.gratis,available,23.99,23.99,high,low,8,namesilo,,,27/09/2026 04:01
e9e5ce6c-2b90-47a7-a349-a25f91cbec9f,airplane.channel,premium,76.7,76.7,high,low,8,namecheap,,,27/09/2026 04:01
ddf9e3a9-cd84-4e30-800f-4c6e2de2ba0f,flight.live,premium,118.8,118.8,high,low,6,namesilo,,,24/09/2026 20:44
27e763ca-bd88-42db-8d42-08778a75219e,airplane.properties,available,18.99,39.99,high,low,8,namesilo,,,27/09/2026 04:01
0f5cdbfb-cbe4-4d1c-8dc2-17fd5d713cfa,airplane.earth,available,18.99,18.99,high,low,8,namesilo,,,27/09/2026 04:01
eb007ced-e2b9-4da4-bf9f-e677454c2997,aircraft.creditcard,available,156.98,168.98,high,low,8,namecheap,,,17/09/2026 23:03
8f7e32b9-1bb2-4c52-856a-61492293f982,aviation.gratis,available,23.99,23.99,high,low,8,namesilo,,,17/09/2026 22:43
18a17485-6804-4913-9a83-3ec6358d3379,aircraft.doctor,available,14.49,116.99,high,low,8,namesilo,,,17/09/2026 23:03
9f400257-c01d-43fb-b10a-c35dd276eb97,aviation.hot,premium,116,116,high,low,8,namesilo,,,17/09/2026 22:43
17aa8d1a-bbfb-4115-99ff-5bde86462acf,aviation.games,available,33.99,33.99,high,low,8,namesilo,,,17/09/2026 22:43
c64d1e54-9fbb-4e0c-93a5-21c4e88d3732,flight.science,premium,3450,116,high,low,6,namesilo,,,24/09/2026 20:44
bbe0d2bc-1bda-4437-94eb-74571bed1722,flight.sexy,available,2749.99,2749.99,high,low,6,namesilo,,,24/09/2026 20:44
3796e54e-18cf-4b55-8a50-7991929ce63f,aviation.city,resell,,,high,low,8,Dynadot Inc,04/05/2026 10:07,04/05/2027 10:07,26/09/2026 04:10
4601bf15-acd2-4a55-8150-5f761b12c467,aircraft.ing,premium,437.5,437.5,high,low,8,name.com,,,17/09/2026 23:03
5d5516a9-1ee5-4945-aadb-5b17e8bb3887,aviation.pw,premium,3250,3250,high,low,8,namecheap,,,17/09/2026 22:43
8877f688-b147-4072-8e4c-28c52ff512b3,airplane.srl,available,31.99,31.99,high,low,8,namesilo,,,27/09/2026 04:01
08d7c81d-7fea-4a78-a2d7-71b108ff15dd,airplane.lifestyle,available,5.49,39.99,high,low,8,namesilo,,,27/09/2026 04:01
b5dfe948-1c23-4361-9bba-fb9f607b5918,flight.nexus,premium,1248.75,1248.75,high,low,6,name.com,,,24/09/2026 20:44
07252591-4231-4e73-bc6a-0bac954ae9f2,airplane.new,available,488.98,601.98,high,low,8,namecheap,,,27/09/2026 04:01
72a9ba6a-e38f-481d-883c-a8cbc9bf36e5,aircraft.nyc,available,31.99,31.99,high,low,8,namesilo,,,17/09/2026 23:03
c03b17dd-6af2-47f5-a1df-30078d1375d2,flight.tech,premium,6900,6900,high,low,6,namesilo,,,24/09/2026 20:44
e76f699c-be3f-4acc-af12-58b558acbdc0,airplane.racing,premium,130,130,high,low,8,namecheap,,,27/09/2026 04:01
5ec42b0f-b233-495d-ba6d-61386e8d3689,airplane.men,premium,448,53.92,high,low,8,namesilo,,,27/09/2026 04:01
aef74e6b-b441-4bb9-8732-26ace06f72af,aircraft.theatre,available,509.99,529.99,high,low,8,namesilo,,,17/09/2026 23:03
f8145ea7-0780-4b2e-9628-db1a8a5f60f0,flight.io,resell,,,high,low,6,"GoDaddy.com, LLC",29/05/2024 15:18,29/05/2027 15:18,26/09/2026 06:08
43cdc3e7-7457-4606-85f0-b9e3647a0c8b,air.limo,resell,,,high,medium,3,"Sav.com, LLC",20/07/2026 21:42,20/07/2027 21:42,26/09/2026 01:27
469d396f-38d0-42f2-ba74-72633557c9c8,aviation.domains,available,42.99,42.99,high,low,8,namesilo,,,17/09/2026 22:43
88e86b66-6295-4324-aaf3-1a50d8712ff7,airplane.london,available,31.99,31.99,high,low,8,namesilo,,,27/09/2026 04:01
b05eed0e-33cc-40c1-b49a-135bd1a92656,airplane.media,resell,,,high,low,8,"Chengdu West Dimension Digital Technology Co., Ltd.",08/04/2022 16:22,08/04/2027 16:22,27/09/2026 04:01
5b557248-f629-419b-a65a-5c07b6a13098,aircraft.shiksha,available,14.99,51.99,high,low,8,namesilo,,,17/09/2026 23:03
91d93192-c23e-4e3b-ab9b-cbc6dec36dce,aircraft.consulting,premium,242,242,high,low,8,namesilo,,,17/09/2026 23:03
226b78a5-d90a-4598-87ed-3fa98f96f287,airplane.jewelry,available,64.99,64.99,high,low,8,namesilo,,,27/09/2026 04:01
ae390dc4-7bc0-4984-b40d-2b39b5c30863,airplane.garden,available,2.19,32.49,high,low,8,namesilo,,,27/09/2026 04:01
badec6a4-3809-4dc2-aad8-3126b4b210db,aircraft.hot,premium,130,130,high,low,8,namecheap,,,17/09/2026 23:03
0dce6462-c18c-4f7e-9b9d-26aac6cc1764,aviation.vip,resell,,,high,low,8,"Chengdu West Dimension Digital Technology Co., Ltd.",09/08/2021 20:35,09/08/2027 20:35,26/09/2026 04:10
b51061b3-2af8-4284-9461-95ff9b22af52,aircraft.reise,available,102.98,127.98,high,low,8,namecheap,,,17/09/2026 23:03
737ce06a-6a6b-440c-ade9-46e386b11880,aviation.trading,premium,260,260,high,low,8,namecheap,,,17/09/2026 22:43
bf97dddd-61d7-4b47-a5bf-f4037fe57fa2,airplane.accountant,premium,640,77.35,high,low,8,namesilo,,,27/09/2026 04:01
315126aa-8db0-4cef-a926-7cc4c72ade37,airplane.adult,available,69.98,166.98,high,low,8,namecheap,,,27/09/2026 04:01
38ad0a5d-4cc9-4b69-9af4-726da7cca98f,aircraft.cars,available,1999.99,2199,high,low,8,namesilo,,,17/09/2026 23:03
d2d7b44c-582f-4040-bfa8-e1fae22d03d1,airplane.maison,available,57.99,57.99,high,low,8,namesilo,,,27/09/2026 04:01
85c45427-18e6-4c22-bd93-c3bbf3fe1629,airplane.moi,available,25.99,25.99,high,low,8,namesilo,,,27/09/2026 04:01
4fe144d6-6680-4370-838d-552cd968a6dd,aircraft.fund,available,14.99,71.99,high,low,8,namesilo,,,17/09/2026 23:03
19854669-6cec-49d5-a876-66f4f4feb717,flight.consulting,premium,242,242,high,low,6,namesilo,,,24/09/2026 20:44
3d851d2b-1e35-413b-a82b-1384151ae050,aircraft.fan,available,57.98,68.98,high,low,8,namecheap,,,17/09/2026 23:03
e56cef27-8141-4726-bb40-f9ae595cd660,aircraft.attorney,available,65.98,76.98,high,low,8,namecheap,,,17/09/2026 23:03
68350631-e447-4385-afab-76d00feea920,aircraft.travel,available,23.98,186.98,high,low,8,namecheap,,,17/09/2026 23:03
be5fe9c0-f458-4686-8a41-aee924ba7d69,airplane.futbol,available,7.49,17.99,high,low,8,namesilo,,,27/09/2026 04:01
a0c7ad6d-f7e9-48f0-99e7-db487a6b3c8c,aviation.name,available,8.98,9.98,high,low,8,namecheap,,,17/09/2026 22:43
e7398b57-f246-4e75-889a-815eb2059513,airplane.berlin,available,79.98,89.98,high,low,8,namecheap,,,27/09/2026 04:01
faa7bd03-0b42-4ce3-851f-2f640a588dc5,aviation.immobilien,available,39.98,43.98,high,low,8,namecheap,,,17/09/2026 22:43
562e0d06-5adf-47e9-b401-982235c0fe0b,flight.cv,premium,1339.98,8.85,high,low,6,namesilo,,,24/09/2026 20:44
56eb357a-c176-43e2-955d-b7bc6c158281,flight.tattoo,available,34.99,34.99,high,low,6,namesilo,,,24/09/2026 20:44
5b3b7f5d-524c-4c86-a1ab-e460c25cb799,aircraft.jewelry,available,64.99,64.99,high,low,8,namesilo,,,17/09/2026 23:03
19f06d85-6f2c-42ec-9fb6-262922b792c4,airplane.makeup,available,1.99,17.29,high,low,8,namesilo,,,27/09/2026 04:01
a85b9e51-3f59-4a6c-90c4-1631c1f96407,air.airforce,premium,118.8,118.8,high,medium,3,namesilo,,,19/09/2026 13:23
41d33049-4961-49c7-b546-268c4fd1665e,air.realty,available,109.99,299,high,medium,3,namesilo,,,19/09/2026 13:23
8e4c2113-b54e-4d94-a449-8cfdd3eab612,airplane.zip,premium,76.7,76.7,high,low,8,namecheap,,,27/09/2026 04:01
9b926d90-79ef-442b-b0cb-5df98afac08b,airplane.blog,premium,650,2600,high,low,8,namecheap,,,27/09/2026 04:01
4547d388-0edc-4059-86d6-ccfcd9818fa9,flight.hiphop,available,23.99,23.99,high,low,6,namesilo,,,24/09/2026 20:44
27f5dc65-170e-451d-a101-27f046feb065,air.tires,resell,14.99,,high,medium,3,"Sav.com, LLC",16/03/2026 11:27,16/03/2027 11:27,26/09/2026 01:28
0a269bbd-1b96-47e3-8cb7-01098c5bdfb3,airplane.gold,available,9.99,99.99,high,low,8,namesilo,,,27/09/2026 04:01
393ce07b-050a-410f-96e3-7a7302a69190,air.viajes,available,37.99,37.99,high,medium,3,namesilo,,,19/09/2026 13:23
cfae0a28-6306-498a-8327-cb9891dc977c,airplane.game,available,310.98,547.98,high,low,8,namecheap,,,27/09/2026 04:01
d3d21de7-4021-4cd1-a7f4-f44557b87319,air.actor,available,16.99,44.49,high,medium,3,namesilo,,,19/09/2026 13:23
d0d008c8-377e-4a48-9964-c55619d8b5a4,aircraft.date,premium,375,62.5,high,low,8,name.com,,,17/09/2026 23:03
ca5ec5ac-5eae-4d48-bc9b-0e19df32be10,flight.lifestyle,premium,640,640,high,low,6,namesilo,,,24/09/2026 20:44
c7670aef-4d12-41fb-acdb-92731b8d633f,airplane.hamburg,available,69.98,73.98,high,low,8,namecheap,,,27/09/2026 04:01
b378e418-b828-4a66-9540-be24408363af,air.casino,resell,,,high,medium,3,Dynadot Inc,27/05/2024 17:00,27/05/2028 17:00,26/09/2026 01:27
c0e02c10-bc54-45ac-9029-92e22632e4c0,aircraft.win,premium,448,53.92,high,low,8,namesilo,,,17/09/2026 23:03
cd1aa09c-f605-4155-8eaf-4edc292c4c82,aviation.florist,available,31.98,41.98,high,low,8,namecheap,,,17/09/2026 22:43
d955e226-410b-4eff-8343-6e6f1d297525,aircraft.immobilien,available,37.99,37.99,high,low,8,namesilo,,,17/09/2026 23:03
b61afce4-de44-4ba4-9957-6957e8ad9636,aircraft.lifestyle,available,5.49,39.99,high,low,8,namesilo,,,17/09/2026 23:03
3b3a052a-17ad-4ada-9598-a4dcdedfd50e,airplane.mom,available,1.99,27.99,high,low,8,namesilo,,,27/09/2026 04:01
7a46f030-d4fb-4a72-8016-04bb4cfac872,aircraft.ventures,available,20.99,59.99,high,low,8,namesilo,,,17/09/2026 23:03
72974113-4ef4-4bbf-8d5d-18ab5b14365b,aviation.shopping,available,29.98,37.98,high,low,8,namecheap,,,17/09/2026 22:43
8a1b4f5e-890f-412e-88e1-798cfed1fe47,airplane.luxury,premium,2600,2600,high,low,8,namecheap,,,27/09/2026 04:01
1c1a39de-4d70-4860-99ff-11f9451de6d2,aircraft.church,available,14.99,58.99,high,low,8,namesilo,,,17/09/2026 23:03
662321a6-d511-4c26-ae70-26ba29a04964,air.online,premium,34500,34500,high,medium,3,namesilo,,,19/09/2026 13:23
be4e1c44-51aa-4c28-8f1a-da5e2604a41c,flight.racing,premium,116,116,high,low,6,namesilo,,,24/09/2026 20:44
566f2756-1ec4-439b-ab9e-68bdb1ce06dd,airplane.rich,available,94.99,1999,high,low,8,namesilo,,,27/09/2026 04:01
0cec93f9-ef47-410b-9889-c9d5a1284a2c,airplane.wtf,available,7.49,36.49,high,low,8,namesilo,,,27/09/2026 04:01
96fe15e3-3f5a-447e-aed6-449670dcbfd6,aviation.poker,available,10.99,67.99,high,low,8,namesilo,,,17/09/2026 22:43
fdf1b945-dcb5-440b-92eb-4ce79537df2c,air.surgery,premium,118.8,118.8,high,medium,3,namesilo,,,19/09/2026 13:23
42e662f7-e6db-4f51-bdd6-f3312f966952,aircraft.video,premium,64.35,128.7,high,low,8,namecheap,,,17/09/2026 23:03
d0de1527-6299-4860-ad26-258d0387120f,aircraft.gripe,available,6.99,6.99,high,low,8,namesilo,,,17/09/2026 23:03
461379eb-220c-4d55-92c8-71adb1e86be9,air.flowers,available,64.99,114.99,high,medium,3,namesilo,,,19/09/2026 13:23
740bd4cc-bcfa-4e72-b48f-7ea31af7dfa4,aircraft.sh,available,34.98,76.98,high,low,8,namecheap,,,17/09/2026 23:03
0235b3c0-856c-485c-8a31-b2bdbdbd4758,aviation.mortgage,available,62.99,62.99,high,low,8,namesilo,,,17/09/2026 22:43
df59d906-8232-4258-9744-4db58d50163c,air.university,premium,85.8,85.8,high,medium,3,namecheap,,,19/09/2026 13:23
377f794b-d8c4-46ec-90b7-79df97e0b4d9,airplane.doctor,available,14.49,116.99,high,low,8,namesilo,,,27/09/2026 04:01
ba53a03e-4966-4e6b-ac87-6fc3d781b3fa,flight.gripe,available,6.99,6.99,high,low,6,namesilo,,,24/09/2026 20:44
e1c41bac-6c7f-458e-bc28-97bbe6cdaebb,aviation.fun,premium,640,640,high,low,8,namesilo,,,17/09/2026 22:43
eac14756-2359-491a-923a-3b8206c501dd,aircraft.help,available,2.19,32.49,high,low,8,namesilo,,,17/09/2026 23:03
e322f4de-21ee-4f02-b30d-ce0c3d7de24d,flight.london,premium,1374.84,34.37,high,low,6,namecheap,,,24/09/2026 20:44
28510d14-fe9f-45d2-be31-840e161aaecf,airplane.vision,available,45.99,45.99,high,low,8,namesilo,,,27/09/2026 04:01
14603cda-7411-4bc9-90b1-ecf1231e671f,aircraft.energy,available,15.99,114.99,high,low,8,namesilo,,,17/09/2026 23:03
95a53078-a8ba-4518-96df-ca419ed70214,airplane.autos,available,1.8,21.98,high,low,8,namecheap,,,27/09/2026 04:01
dbe299f8-0433-4e0c-8dea-18ccc9cf2475,airplane.ag,available,89.99,79.99,high,low,8,namesilo,,,27/09/2026 04:01
0dc81676-e5af-4f96-959a-26d6c2bbcec2,aircraft.voyage,available,58.99,58.99,high,low,8,namesilo,,,17/09/2026 23:03
adc008ad-5629-4e8f-bf79-83062c8b5c8e,flight.app,resell,,,high,low,6,"Global Domains International, Inc. DBA DomainCostClub.com",19/07/2025 09:28,19/07/2027 09:28,26/09/2026 06:08
56f112fe-346d-40b6-99e1-4ccafec7b0c7,air.gay,premium,2600,2600,high,medium,3,namecheap,,,19/09/2026 13:23
446a1f5c-e827-433e-b694-100eab7355f2,air.promo,premium,1107,1107,high,medium,3,namesilo,,,19/09/2026 13:23
e87fc95f-cf73-4dee-b3f5-88410e0b47f7,aircraft.boston,available,23.49,23.49,high,low,8,namesilo,,,17/09/2026 23:03
61591faa-e6c0-487f-9927-8ae34a5aec72,airplane.spot,premium,116,116,high,low,8,namesilo,,,27/09/2026 04:01
cb5a2314-05df-4a01-82a5-46898c63abc0,airplane.living,available,5.49,39.99,high,low,8,namesilo,,,27/09/2026 04:01
a957405c-8325-440d-a946-b9684c643cdb,flight.rehab,available,36.99,36.99,high,low,6,namesilo,,,24/09/2026 20:44
fbedb14f-6bfc-4efb-8579-6ba60bece590,air.exposed,premium,23.6,23.6,high,medium,3,namesilo,,,19/09/2026 13:23
57f3f69e-0584-4a37-ad8e-e32ba9a2fa31,aircraft.top,resell,,,high,low,8,"Spaceship, Inc.",12/04/2023 22:10,12/04/2027 22:10,26/09/2026 01:27
1663b72a-5a17-48ac-8546-ad04273e13a4,aircraft.network,resell,,,high,low,8,"Sav.com, LLC - 16",16/07/2026 15:15,16/07/2027 15:15,26/09/2026 01:27
813142f6-4ba6-4aac-84bd-3c6992734874,air.cam,premium,1995,16.52,high,medium,3,namesilo,,,19/09/2026 13:23
3a9e8cb1-aa96-4d2d-9986-1eaa5bd63471,flight.horse,available,32.49,32.49,high,low,6,namesilo,,,24/09/2026 20:44
480bf660-b982-4e21-92b2-0acc7479d59a,aviation.discount,available,30.99,30.99,high,low,8,namesilo,,,17/09/2026 22:43
655ebe5d-e014-49a8-a1f2-2d35576b00c5,aircraft.link,premium,437.5,437.5,high,low,8,name.com,,,17/09/2026 23:03
2def56b7-d4f4-437e-afe4-b7a69e5e27cd,airplane.bet,available,8.98,35.98,high,low,8,namecheap,,,27/09/2026 04:01
f054d4bc-008b-40fd-b73d-fe5e74146005,aircraft.group,resell,,,high,low,8,"Xiamen ChinaSource Internet Service Co., Ltd",29/09/2018 02:30,29/09/2027 02:30,29/09/2026 04:43
fd09eb52-84a0-45f0-997b-21c5aeb3ab37,airplane.boats,available,1.99,17.29,high,low,8,namesilo,,,27/09/2026 04:01
14b81db2-fb65-4b4c-9805-ffd6d80c667d,flight.biz,resell,,,high,low,6,Squarespace Domains II LLC,26/08/2022 00:00,26/08/2027 00:00,26/09/2026 06:08
65d2b854-0fef-435f-9b39-a1f2a1caba7e,air.study,premium,640,640,high,medium,3,namesilo,,,19/09/2026 13:23
792665f8-0849-44e3-bfc3-eb4f3f9df98d,aircraft.domains,available,42.99,42.99,high,low,8,namesilo,,,17/09/2026 23:03
e25279b2-9e22-41fd-99c8-62e168815e75,air.qpon,premium,640,23.54,high,medium,3,namesilo,,,19/09/2026 13:23
9daf3d2f-b12b-425e-bae6-00c29d4b80b8,air.blackfriday,premium,390,390,high,medium,3,namecheap,,,19/09/2026 13:23
13821adc-7f81-4709-9c8a-4ada0e15859d,air.you,premium,650,650,high,medium,3,namecheap,,,19/09/2026 13:23
8264ac56-a8b6-4aae-aff3-f1bfcb7075f0,airplane.immobilien,available,37.99,37.99,high,low,8,namesilo,,,27/09/2026 04:01
2b820990-cd65-478d-b4ba-41672e0172a4,flight.healthcare,available,93.98,111.98,high,low,6,namecheap,,,24/09/2026 20:44
37a584e5-0afc-4801-b221-106532948c8e,airplane.camp,available,65.98,78.98,high,low,8,namecheap,,,27/09/2026 04:01
31e3110b-3f24-4e53-93fb-61e83ea09a31,flight.villas,available,19.99,80.99,high,low,6,name.com,,,24/09/2026 20:44
73464265-ae1a-4db9-af01-e0a070f618d9,flight.inc,premium,2061.5,2660,high,low,6,namesilo,,,24/09/2026 20:44
193ee509-d972-43a3-819f-7c5d7276d114,airplane.industries,available,45.99,45.99,high,low,8,namesilo,,,27/09/2026 04:01
90ec7e3d-3e83-4d63-a1f8-fbd5a7da73a8,flight.haus,available,14.99,33.99,high,low,6,namesilo,,,24/09/2026 20:44
3f028030-10ab-4612-9ff2-1981212bea71,flight.ski,premium,118.8,118.8,high,low,6,namesilo,,,24/09/2026 20:44
be0519dc-b5d2-47ae-8942-f3170c8986c9,flight.hiv,available,195.99,195.99,high,low,6,namesilo,,,24/09/2026 20:44
5781ac0f-2209-42c9-80ec-e5dbd573da69,aircraft.shopping,available,26.99,26.99,high,low,8,namesilo,,,17/09/2026 23:03
ea85eb9d-3e8d-4fd8-96e3-430f5eeef304,airplane.beauty,available,1.99,17.29,high,low,8,namesilo,,,27/09/2026 04:01
bea93f50-3c0c-4ce3-8c43-0b686014ff97,aircraft.gratis,available,26.99,29.99,high,low,8,name.com,,,17/09/2026 23:03
2badf4ff-cf87-47c3-96ce-0292e1ec9b74,airplane.democrat,available,5.98,41.48,high,low,8,namecheap,,,27/09/2026 04:01
6a9c2eaf-77c1-43bf-a754-d6a1f41fb8ef,flight.mom,premium,832,832,high,low,6,namesilo,,,24/09/2026 20:44
37507e34-5889-44bd-a0d7-8d9a331e62b8,airplane.mx,resell,,,high,low,8,Porkbun LLC,12/04/2016 00:00,12/04/2027 00:00,27/09/2026 04:01
78b2075e-b900-4ef7-ade3-10b5e3c7bb94,air.accountants,available,117.99,117.99,high,medium,3,namesilo,,,19/09/2026 13:23
0f8946c6-6130-4875-9384-8c1f1f30ab76,airplane.accountants,available,122.98,145.98,high,low,8,namecheap,,,27/09/2026 04:01
67ad9ba2-dbe6-4ad5-ae91-f54c042954e0,flight.estate,available,15.99,38.99,high,low,6,namesilo,,,24/09/2026 20:44
15ec5a04-b643-430e-b00e-7602244a530c,airplane.voto,available,11.98,86.98,high,low,8,namecheap,,,27/09/2026 04:01
b2e171dd-9958-4134-bf6b-eee7876e1e9d,aircraft.football,available,25.99,25.99,high,low,8,namesilo,,,17/09/2026 23:03
f7909f7a-b96c-43f3-aa22-89354e95c1de,aircraft.meme,premium,195,195,high,low,8,namecheap,,,17/09/2026 23:03
b7124821-03f4-4599-a842-fed31270f9f2,aircraft.cricket,premium,448,53.92,high,low,8,namesilo,,,17/09/2026 23:03
521e8722-ea38-4eb6-bc51-bc86be49b2ae,flight.pet,available,14.49,27.59,high,low,6,namesilo,,,24/09/2026 20:44
5a15e1de-69ae-4cc8-9c1e-54f30eabd483,air.international,resell,,,high,medium,3,Squarespace Domains II LLC,22/06/2021 08:24,22/06/2028 08:24,26/09/2026 01:27
f37f99aa-d697-4eec-ae6c-70c77fc38bea,airplane.university,available,65.98,77.98,high,low,8,namecheap,,,27/09/2026 04:01
ba26175e-3697-49fe-b875-2e6b4ee8290c,aircraft.equipment,available,28.99,28.99,high,low,8,namesilo,,,17/09/2026 23:03
62de695c-c8c2-4d0d-8c11-92b7ca5e390c,air.dentist,premium,512,512,high,medium,3,namesilo,,,19/09/2026 13:23
e36aab70-beab-42df-8ad2-bd2b67e46b42,flight.investments,available,12.99,129.99,high,low,6,namesilo,,,24/09/2026 20:44
e86deff2-f2e4-473c-a62e-c2e9ef637ab4,airplane.furniture,available,27.99,94.99,high,low,8,namesilo,,,27/09/2026 04:01
4cfa9115-20dc-4282-8383-9ce336f3c054,airplane.kiwi,premium,61.1,61.1,high,low,8,namecheap,,,27/09/2026 04:01
4d1b13db-f16b-4e9b-bbe3-c75dc2a19e14,airplane.forsale,premium,118.8,118.8,high,low,8,namesilo,,,27/09/2026 04:01
2837a376-2aa6-450d-955f-1d771f036f63,air.pizza,premium,128.7,128.7,high,medium,3,namecheap,,,19/09/2026 13:23
e41dc9fa-26d5-4b07-8096-1e4f9d4cc6ed,flight.forum,premium,116,116,high,low,6,namesilo,,,24/09/2026 20:44
5298aaa5-faae-4c43-b02c-49da6a52db5c,flight.paris,available,65.99,65.99,high,low,6,name.com,,,24/09/2026 20:44
834370b6-e7ed-403b-866e-664597141404,airplane.page,premium,70.21,70.21,high,low,8,namesilo,,,27/09/2026 04:01
6b34034b-0fa5-4181-b481-d7e2e2a065dc,airplane.fail,available,38.99,38.99,high,low,8,namesilo,,,27/09/2026 04:01
0f4ab12a-d08f-4881-85cc-b31475004749,airplane.glass,available,76.98,99.98,high,low,8,namecheap,,,27/09/2026 06:33
b42bd112-cfaa-4531-a88d-cd62e066fa15,aircraft.bargains,available,17.99,26.49,high,low,8,namesilo,,,17/09/2026 23:03
f48da2d9-f1ff-49fc-bc04-3d8a301a40a9,flight.show,available,18.99,44.49,high,low,6,namesilo,,,24/09/2026 20:44
4d181b69-c8bb-4720-951a-2b9d09e91688,air.pics,resell,,,high,medium,3,Dynadot Inc,12/09/2026 13:30,12/09/2027 23:59,26/09/2026 01:28
109c591b-71c5-430b-add8-c75a24a59025,aircraft.porn,available,69.98,154.98,high,low,8,namecheap,,,17/09/2026 23:03
84530744-2031-4f7d-86a2-49989c163246,aircraft.computer,available,22.48,48.98,high,low,8,namecheap,,,17/09/2026 23:03
ffc95992-e4c0-4c99-8fe7-8c388994735e,airplane.limited,available,37.98,39.98,high,low,8,namecheap,,,27/09/2026 04:01
289c1d87-259f-4f29-b6e5-f99e965d1317,flight.doctor,available,14.99,151.99,high,low,6,name.com,,,24/09/2026 20:44
3f28de13-b0ef-4079-9815-d273679d10d4,aircraft.florist,available,32.99,32.99,high,low,8,namesilo,,,17/09/2026 23:03
055cf707-5455-4e58-82f6-d7b5a74f4487,flight.contact,resell,14.99,14.99,high,low,6,Dynadot Inc,04/05/2026 09:12,04/05/2027 09:12,26/09/2026 06:08
286cf6b3-c417-46ab-8f1c-6d4fda36afda,airplane.tienda,available,59.99,59.99,high,low,8,namesilo,,,27/09/2026 04:01
2ecb1870-8558-42e1-8e6a-93247026450f,aircraft.kitchen,available,10.99,64.99,high,low,8,namesilo,,,17/09/2026 23:03
5ee104ea-7fe3-4283-ba52-738749f30c63,air.phd,premium,843.7,843.7,high,medium,3,namecheap,,,19/09/2026 13:23
c3a662dd-a815-4cbf-a0f6-9a15a1fa7392,airplane.republican,available,7.49,28.99,high,low,8,namesilo,,,27/09/2026 04:01
ab5e1281-6563-4434-b6a7-9b2600b5eaa8,airplane.rehab,available,36.99,36.99,high,low,8,namesilo,,,27/09/2026 04:01
14c29696-c997-4cca-8fc0-28a1f9de9356,airplane.cam,resell,,,high,low,8,Dynadot Inc,03/07/2022 07:15,03/07/2027 23:59,27/09/2026 04:01
ceae9f30-fe84-4155-9966-7522176ee547,airplane.vote,available,23.98,119.98,high,low,8,namecheap,,,27/09/2026 04:01
e565641c-26f9-4bb6-8b85-364f06bffa12,flight.pw,premium,3250,3250,high,low,6,namecheap,,,24/09/2026 20:44
c069fde0-12a5-4845-b454-6b733a56a43b,flight.pub,available,42.98,51.98,high,low,6,namecheap,,,24/09/2026 20:44
e531026c-3da9-4609-aa67-26272b0f8508,airplane.social,available,9.99,41.49,high,low,8,namesilo,,,27/09/2026 04:01
e04dc67d-bc57-4a11-8196-71c8d46b728d,airplane.money,available,16.99,35.99,high,low,8,namesilo,,,27/09/2026 04:01
309472df-8ddf-4c69-a35a-19a0f53dfaa4,aircraft.catering,available,38.99,38.99,high,low,8,namesilo,,,17/09/2026 23:03
1e4ca35a-c0fa-4a92-a699-6bcd009af409,flight.trading,available,21.98,27.98,high,low,6,namecheap,,,24/09/2026 20:44
4d6e2779-9595-4e2b-b329-7796a5acbced,aircraft.review,premium,13800,116,high,low,8,namesilo,,,17/09/2026 23:03
0505f751-3aae-497e-8ee2-0bac6958ac13,aircraft.apartments,available,57.99,57.99,high,low,8,namesilo,,,17/09/2026 23:03
0b140f20-2f76-4546-9168-d4304201198a,flight.attorney,available,69.99,81.99,high,low,6,name.com,,,24/09/2026 20:44
8dd23b08-e3ae-4a6b-9e3d-d4f7219689aa,flight.organic,available,17.99,85.99,high,low,6,namesilo,,,24/09/2026 20:44
aed9d1f7-662d-44f9-9a00-ec027d3dc595,airplane.watch,available,5.99,44.49,high,low,8,namesilo,,,27/09/2026 04:01
6788b537-b36c-4067-b3c7-006e3baf6ec8,flight.furniture,available,27.99,94.99,high,low,6,namesilo,,,24/09/2026 20:44
581ee5f3-1302-47a8-a358-2bfe6287da3a,airplane.blackfriday,available,114.99,114.99,high,low,8,namesilo,,,27/09/2026 04:01
cf80f4b4-d8b8-4bed-a54b-ac3e348ff012,airplane.fitness,available,3.48,54.98,high,low,8,namecheap,,,27/09/2026 04:01
b2c23bb7-c247-44dc-acf0-dc30ddf4189b,air.boutique,resell,,,high,medium,3,Dynadot Inc,03/09/2026 17:00,03/09/2027 17:00,26/09/2026 01:27
5bd2049b-9e6b-42f3-bee6-f48f92dfe9c3,air.associates,premium,78.54,78.54,high,medium,3,namesilo,,,19/09/2026 13:23
f123de3b-9bd6-42d3-868b-8866b7cd75b2,aircraft.glass,available,72.99,72.99,high,low,8,namesilo,,,17/09/2026 23:03
077813c6-0008-4c40-a7c6-f9493c2b53ec,airplane.rocks,available,11.99,21.99,high,low,8,namesilo,,,27/09/2026 04:01
d7e7f47f-5476-43b7-a7a2-1603e901ebaa,air.group,resell,,,high,medium,3,Porkbun LLC,05/06/2016 16:00,05/06/2027 16:00,26/09/2026 01:27
5ae4dce8-0e3f-4928-88fe-0258b6a3b5d2,airplane.foundation,available,14.99,23.99,high,low,8,namesilo,,,27/09/2026 04:01
415a6b2b-8e2f-4e28-9ee0-b03d1d4fef4c,airplane.vegas,available,12.99,43.99,high,low,8,namesilo,,,27/09/2026 04:01
b0378ca1-524f-4a70-bec9-e8adb47469ee,aircraft.country,available,2298,2450,high,low,8,namecheap,,,17/09/2026 23:03
7a09417f-cb1f-4fc6-93ec-d3eb2e6210ec,flight.lgbt,available,11.98,93.98,high,low,6,namecheap,,,24/09/2026 20:44
ea53c2a4-7b0d-40e1-bece-2bca2a355253,aircraft.cab,available,32.99,32.99,high,low,8,namesilo,,,17/09/2026 23:03
b40411d8-098c-4c38-ad2d-94d3209fe2f1,aircraft.vegas,available,12.99,43.99,high,low,8,namesilo,,,17/09/2026 23:03
4fd494f8-f138-4c5d-afdf-dd83c1ec4414,aircraft.cheap,available,5.98,49.98,high,low,8,namecheap,,,17/09/2026 23:03
90320454-008b-4307-a1dd-23680a9cec63,airplane.bot,available,64.99,64.99,high,low,8,namesilo,,,27/09/2026 04:01
71c2a57f-91e0-4e17-a9c7-e9ffc728deae,air.sucks,premium,2658.67,2658.67,high,medium,3,namesilo,,,19/09/2026 13:23
53e82e2d-04c8-43bb-983c-60061776e5e7,air.dating,premium,118.8,118.8,high,medium,3,namesilo,,,19/09/2026 13:23
406149b4-1c04-48db-82d7-64d4900a1f02,airplane.show,available,18.99,44.49,high,low,8,namesilo,,,27/09/2026 04:01
ed98b005-8f47-4bfd-9c22-68ba88364a9e,flight.flowers,available,64.99,114.99,high,low,6,namesilo,,,24/09/2026 20:44
972af406-1dad-4c85-a271-520e70424665,air.attorney,premium,118.8,118.8,high,medium,3,namesilo,,,19/09/2026 13:23
c15f7057-4308-4231-884e-7f155825a780,flight.cyou,premium,390,780,high,low,6,namecheap,,,24/09/2026 20:44
ac8ef84b-f9d0-4d5d-b081-bb7c04b59a44,airplane.auto,available,2070,2950,high,low,8,namecheap,,,27/09/2026 04:01
b23afeb9-9b6e-43fa-9686-2599e74ac644,aircraft.rest,available,2.19,28.99,high,low,8,namesilo,,,17/09/2026 23:03
b9e882cf-f4b0-4ac0-bb7d-0a1fd9e06b06,air.paris,available,66.98,66.98,high,medium,3,namecheap,,,19/09/2026 13:23